AGENT,ITERATION,NO OF GHOSTS,RESULT,TIME
A1,1,1,TRUE,0.037110806
A1,2,1,TRUE,0.02994895
A1,3,1,TRUE,0.079238892
A1,4,1,TRUE,0.025486946
A1,5,1,TRUE,0.026130915
A1,6,1,TRUE,0.023377895
A1,7,1,TRUE,0.027311087
A1,8,1,TRUE,0.027189732
A1,9,1,TRUE,0.036633968
A1,10,1,TRUE,0.030303955
A1,11,1,TRUE,0.0335989
A1,12,1,TRUE,0.026433945
A1,13,1,TRUE,0.020815849
A1,14,1,TRUE,0.020033121
A1,15,1,TRUE,0.032606125
A1,16,1,TRUE,0.021617174
A1,17,1,TRUE,0.023712873
A1,18,1,TRUE,0.021551132
A1,19,1,TRUE,0.029289961
A1,20,1,TRUE,0.02664113
A1,21,1,TRUE,0.022537947
A1,22,1,TRUE,0.020296097
A1,23,1,TRUE,0.228449821
A1,24,1,TRUE,0.063906908
A1,25,1,TRUE,0.059882164
A1,26,1,TRUE,0.080471992
A1,27,1,TRUE,0.044379234
A1,28,1,TRUE,0.032485247
A1,29,1,TRUE,0.06069088
A1,30,1,TRUE,0.375360012
A1,1,2,TRUE,0.063539982
A1,2,2,TRUE,0.061227083
A1,3,2,TRUE,0.03578496
A1,4,2,TRUE,0.029276133
A1,5,2,TRUE,0.018121004
A1,6,2,TRUE,0.036517859
A1,7,2,TRUE,0.022529125
A1,8,2,TRUE,0.018167019
A1,9,2,TRUE,0.020717859
A1,10,2,TRUE,0.021451235
A1,11,2,TRUE,0.030765057
A1,12,2,TRUE,0.02027297
A1,13,2,TRUE,0.027809858
A1,14,2,TRUE,0.017585039
A1,15,2,TRUE,0.028076172
A1,16,2,TRUE,0.019778967
A1,17,2,TRUE,0.026489973
A1,18,2,TRUE,0.020053864
A1,19,2,TRUE,0.01989913
A1,20,2,TRUE,0.018993855
A1,21,2,TRUE,0.017429113
A1,22,2,TRUE,0.019537926
A1,23,2,TRUE,0.024430037
A1,24,2,TRUE,0.021703959
A1,25,2,TRUE,0.028645754
A1,26,2,TRUE,0.031625032
A1,27,2,TRUE,0.024330139
A1,28,2,TRUE,0.017869711
A1,29,2,TRUE,0.018066883
A1,30,2,FALSE,0.016653061
A1,1,3,TRUE,0.023227692
A1,2,3,FALSE,0.02097106
A1,3,3,TRUE,0.021543026
A1,4,3,TRUE,0.043365955
A1,5,3,FALSE,0.01612711
A1,6,3,TRUE,0.018213272
A1,7,3,TRUE,0.019777775
A1,8,3,TRUE,0.026085138
A1,9,3,TRUE,0.020785809
A1,10,3,TRUE,0.021285772
A1,11,3,TRUE,0.023038864
A1,12,3,TRUE,0.018852711
A1,13,3,TRUE,0.022622108
A1,14,3,TRUE,0.019034147
A1,15,3,TRUE,0.01873374
A1,16,3,TRUE,0.059355974
A1,17,3,TRUE,0.019668102
A1,18,3,TRUE,0.042155981
A1,19,3,TRUE,0.027523041
A1,20,3,TRUE,0.032389164
A1,21,3,TRUE,0.019967079
A1,22,3,TRUE,0.019033909
A1,23,3,TRUE,0.019819975
A1,24,3,TRUE,0.02000618
A1,25,3,TRUE,0.023117065
A1,26,3,TRUE,0.020200014
A1,27,3,TRUE,0.03049016
A1,28,3,TRUE,0.026386023
A1,29,3,TRUE,0.020764828
A1,30,3,TRUE,0.021968365
A1,1,4,TRUE,0.028136969
A1,2,4,FALSE,0.018557072
A1,3,4,TRUE,0.01999402
A1,4,4,TRUE,0.023546934
A1,5,4,TRUE,0.02451992
A1,6,4,TRUE,0.030486107
A1,7,4,TRUE,0.022488117
A1,8,4,TRUE,0.035939217
A1,9,4,FALSE,0.019948959
A1,10,4,TRUE,0.028151989
A1,11,4,FALSE,0.014112949
A1,12,4,TRUE,0.029819965
A1,13,4,TRUE,0.020705223
A1,14,4,TRUE,0.019665718
A1,15,4,TRUE,0.024113178
A1,16,4,TRUE,0.028611898
A1,17,4,TRUE,0.020179033
A1,18,4,TRUE,0.023391008
A1,19,4,TRUE,0.055222034
A1,20,4,TRUE,0.021571159
A1,21,4,FALSE,0.00883007
A1,22,4,TRUE,0.047797918
A1,23,4,TRUE,0.036701202
A1,24,4,TRUE,0.020774841
A1,25,4,TRUE,0.021358013
A1,26,4,TRUE,0.022912025
A1,27,4,TRUE,0.021027088
A1,28,4,TRUE,0.024336338
A1,29,4,TRUE,0.036539316
A1,30,4,TRUE,0.022219181
A1,1,5,FALSE,0.00556016
A1,2,5,TRUE,0.040741205
A1,3,5,TRUE,0.02673316
A1,4,5,TRUE,0.021887064
A1,5,5,TRUE,0.030673981
A1,6,5,TRUE,0.030817747
A1,7,5,TRUE,0.020493031
A1,8,5,TRUE,0.031173706
A1,9,5,TRUE,0.025307894
A1,10,5,FALSE,0.017981291
A1,11,5,TRUE,0.030836821
A1,12,5,TRUE,0.027965784
A1,13,5,TRUE,0.020857811
A1,14,5,TRUE,0.031643867
A1,15,5,TRUE,0.023669004
A1,16,5,TRUE,0.020639896
A1,17,5,TRUE,0.029706001
A1,18,5,TRUE,0.026302099
A1,19,5,TRUE,0.022914171
A1,20,5,TRUE,0.034482956
A1,21,5,TRUE,0.027562857
A1,22,5,TRUE,0.021064043
A1,23,5,TRUE,0.033802032
A1,24,5,TRUE,0.025079012
A1,25,5,TRUE,0.021635056
A1,26,5,TRUE,0.030512333
A1,27,5,FALSE,0.023186922
A1,28,5,FALSE,0.017884016
A1,29,5,FALSE,0.011443853
A1,30,5,FALSE,0.005914927
A1,1,6,TRUE,0.026535988
A1,2,6,TRUE,0.021880865
A1,3,6,TRUE,0.043858767
A1,4,6,FALSE,0.009506226
A1,5,6,TRUE,0.035283089
A1,6,6,TRUE,0.026869059
A1,7,6,TRUE,0.025316954
A1,8,6,TRUE,0.025638342
A1,9,6,TRUE,0.033092022
A1,10,6,TRUE,0.03853488
A1,11,6,TRUE,0.029937744
A1,12,6,TRUE,0.036552906
A1,13,6,FALSE,0.021335125
A1,14,6,TRUE,0.024712801
A1,15,6,TRUE,0.023193836
A1,16,6,TRUE,0.028800964
A1,17,6,TRUE,0.063030005
A1,18,6,TRUE,0.024869919
A1,19,6,TRUE,0.028327942
A1,20,6,TRUE,0.023247004
A1,21,6,TRUE,0.042716026
A1,22,6,TRUE,0.02229619
A1,23,6,TRUE,0.023487806
A1,24,6,FALSE,0.032727242
A1,25,6,TRUE,0.022114754
A1,26,6,TRUE,0.039349079
A1,27,6,TRUE,0.02430892
A1,28,6,TRUE,0.03151989
A1,29,6,TRUE,0.022763014
A1,30,6,TRUE,0.02303195
A1,1,7,TRUE,0.031887054
A1,2,7,TRUE,0.024109125
A1,3,7,FALSE,0.006086826
A1,4,7,FALSE,0.020045042
A1,5,7,TRUE,0.02434206
A1,6,7,TRUE,0.060172081
A1,7,7,FALSE,0.018256903
A1,8,7,TRUE,0.022867203
A1,9,7,TRUE,0.024833918
A1,10,7,TRUE,0.035886049
A1,11,7,FALSE,0.040423155
A1,12,7,TRUE,0.02293396
A1,13,7,TRUE,0.029402733
A1,14,7,TRUE,0.025366783
A1,15,7,FALSE,0.011003017
A1,16,7,FALSE,0.013875961
A1,17,7,TRUE,0.033685207
A1,18,7,TRUE,0.040000916
A1,19,7,TRUE,0.029778004
A1,20,7,FALSE,0.015763044
A1,21,7,TRUE,0.035798073
A1,22,7,TRUE,0.028927088
A1,23,7,FALSE,0.016450167
A1,24,7,TRUE,0.045026064
A1,25,7,FALSE,0.004323006
A1,26,7,TRUE,0.031191111
A1,27,7,TRUE,0.026890039
A1,28,7,TRUE,0.03073287
A1,29,7,TRUE,0.052124977
A1,30,7,TRUE,0.024930954
A1,1,8,TRUE,0.028853893
A1,2,8,TRUE,0.038502932
A1,3,8,TRUE,0.032248974
A1,4,8,TRUE,0.032645226
A1,5,8,TRUE,0.027080059
A1,6,8,TRUE,0.034584999
A1,7,8,TRUE,0.030048132
A1,8,8,TRUE,0.041970253
A1,9,8,TRUE,0.026201963
A1,10,8,FALSE,0.010690212
A1,11,8,TRUE,0.032924891
A1,12,8,TRUE,0.029896975
A1,13,8,FALSE,0.009600163
A1,14,8,FALSE,0.022055864
A1,15,8,TRUE,0.04598093
A1,16,8,TRUE,0.033414841
A1,17,8,TRUE,0.066555977
A1,18,8,TRUE,0.026293993
A1,19,8,TRUE,0.029653072
A1,20,8,TRUE,0.028803825
A1,21,8,TRUE,0.045397997
A1,22,8,FALSE,0.011983156
A1,23,8,TRUE,0.024767876
A1,24,8,FALSE,0.028894901
A1,25,8,TRUE,0.057687998
A1,26,8,TRUE,0.027074814
A1,27,8,TRUE,0.037750959
A1,28,8,TRUE,0.027070999
A1,29,8,TRUE,0.030551195
A1,30,8,TRUE,0.030189037
A1,1,9,TRUE,0.025258064
A1,2,9,TRUE,0.036624908
A1,3,9,TRUE,0.032353163
A1,4,9,FALSE,0.010946035
A1,5,9,TRUE,0.037300825
A1,6,9,FALSE,0.007856131
A1,7,9,TRUE,0.051259995
A1,8,9,TRUE,0.030601978
A1,9,9,TRUE,0.03242588
A1,10,9,FALSE,0.017524958
A1,11,9,TRUE,0.027414083
A1,12,9,TRUE,0.060009003
A1,13,9,TRUE,0.031677961
A1,14,9,TRUE,0.043429136
A1,15,9,TRUE,0.026535988
A1,16,9,FALSE,0.007401228
A1,17,9,TRUE,0.025007963
A1,18,9,FALSE,0.056874037
A1,19,9,TRUE,0.032472849
A1,20,9,TRUE,0.040889978
A1,21,9,TRUE,0.031780005
A1,22,9,TRUE,0.057682991
A1,23,9,TRUE,0.026108265
A1,24,9,TRUE,0.045528173
A1,25,9,TRUE,0.033744097
A1,26,9,TRUE,0.056478024
A1,27,9,TRUE,0.03041935
A1,28,9,TRUE,0.026679039
A1,29,9,FALSE,0.012392759
A1,30,9,TRUE,0.035906792
A1,1,10,TRUE,0.048101187
A1,2,10,TRUE,0.037029982
A1,3,10,FALSE,0.0060606
A1,4,10,FALSE,0.019249916
A1,5,10,TRUE,0.032440901
A1,6,10,TRUE,0.042003155
A1,7,10,TRUE,0.117481947
A1,8,10,TRUE,0.09484911
A1,9,10,TRUE,0.037864208
A1,10,10,TRUE,0.212904215
A1,11,10,TRUE,0.032787085
A1,12,10,TRUE,0.037245035
A1,13,10,TRUE,0.071597099
A1,14,10,TRUE,0.06217289
A1,15,10,FALSE,0.028798103
A1,16,10,TRUE,0.03350687
A1,17,10,TRUE,0.033941031
A1,18,10,TRUE,0.043374062
A1,19,10,FALSE,0.024513245
A1,20,10,FALSE,0.005866051
A1,21,10,TRUE,0.048873186
A1,22,10,TRUE,0.073615789
A1,23,10,TRUE,0.078113079
A1,24,10,FALSE,0.021349192
A1,25,10,TRUE,0.057184935
A1,26,10,FALSE,0.009538889
A1,27,10,TRUE,0.032974958
A1,28,10,TRUE,0.035768747
A1,29,10,FALSE,0.013281822
A1,30,10,TRUE,0.047271013
A1,1,11,TRUE,0.042129993
A1,2,11,FALSE,0.022297859
A1,3,11,TRUE,0.036665916
A1,4,11,FALSE,0.022720098
A1,5,11,TRUE,0.043570995
A1,6,11,FALSE,0.034827948
A1,7,11,TRUE,0.036270857
A1,8,11,TRUE,0.041194677
A1,9,11,TRUE,0.048878193
A1,10,11,TRUE,0.041774035
A1,11,11,TRUE,0.039787054
A1,12,11,TRUE,0.035475969
A1,13,11,TRUE,0.035357952
A1,14,11,FALSE,0.031676054
A1,15,11,FALSE,0.011924028
A1,16,11,FALSE,0.026336908
A1,17,11,TRUE,0.036652803
A1,18,11,TRUE,0.030933142
A1,19,11,FALSE,0.019539833
A1,20,11,TRUE,0.065614939
A1,21,11,TRUE,0.029917002
A1,22,11,TRUE,0.036978006
A1,23,11,TRUE,0.034752846
A1,24,11,FALSE,0.032755136
A1,25,11,TRUE,0.028692961
A1,26,11,FALSE,0.032064915
A1,27,11,TRUE,0.029084921
A1,28,11,TRUE,0.042051077
A1,29,11,TRUE,0.039473057
A1,30,11,TRUE,0.044290066
A1,1,12,TRUE,0.030920267
A1,2,12,FALSE,0.049817085
A1,3,12,TRUE,0.036990166
A1,4,12,TRUE,0.049490929
A1,5,12,TRUE,0.040389776
A1,6,12,TRUE,0.051093817
A1,7,12,TRUE,0.035693645
A1,8,12,TRUE,0.043544054
A1,9,12,TRUE,0.036336899
A1,10,12,TRUE,0.046589851
A1,11,12,TRUE,0.038178921
A1,12,12,TRUE,0.044537067
A1,13,12,FALSE,0.004546881
A1,14,12,FALSE,0.029671907
A1,15,12,TRUE,0.049520969
A1,16,12,TRUE,0.040524006
A1,17,12,FALSE,0.03888011
A1,18,12,TRUE,0.037621021
A1,19,12,TRUE,0.049354076
A1,20,12,FALSE,0.011950731
A1,21,12,TRUE,0.053744078
A1,22,12,TRUE,0.0451231
A1,23,12,FALSE,0.02628088
A1,24,12,FALSE,0.006854057
A1,25,12,FALSE,0.042228222
A1,26,12,TRUE,0.029948235
A1,27,12,FALSE,0.083323956
A1,28,12,TRUE,0.031723976
A1,29,12,TRUE,0.046725035
A1,30,12,TRUE,0.037470102
A1,1,13,TRUE,0.05172801
A1,2,13,TRUE,0.044533014
A1,3,13,FALSE,0.027456045
A1,4,13,TRUE,0.040988922
A1,5,13,TRUE,0.046145916
A1,6,13,TRUE,0.030201912
A1,7,13,TRUE,0.030657768
A1,8,13,FALSE,0.013231039
A1,9,13,FALSE,0.018261909
A1,10,13,FALSE,0.009591103
A1,11,13,FALSE,0.023110151
A1,12,13,TRUE,0.036904097
A1,13,13,FALSE,0.011907101
A1,14,13,TRUE,0.051486015
A1,15,13,TRUE,0.032366753
A1,16,13,FALSE,0.033432245
A1,17,13,TRUE,0.045479298
A1,18,13,TRUE,0.044753075
A1,19,13,FALSE,0.018029928
A1,20,13,TRUE,0.038522959
A1,21,13,TRUE,0.031988859
A1,22,13,TRUE,0.040842772
A1,23,13,FALSE,0.009886026
A1,24,13,TRUE,0.034934998
A1,25,13,FALSE,0.021878719
A1,26,13,TRUE,0.050748825
A1,27,13,TRUE,0.042579889
A1,28,13,FALSE,0.006083965
A1,29,13,TRUE,0.050400972
A1,30,13,TRUE,0.030995846
A1,1,14,TRUE,0.078108788
A1,2,14,TRUE,0.036770105
A1,3,14,TRUE,0.058900356
A1,4,14,FALSE,0.015960932
A1,5,14,TRUE,0.046794891
A1,6,14,TRUE,0.031689882
A1,7,14,TRUE,0.054194927
A1,8,14,TRUE,0.067564964
A1,9,14,TRUE,0.034567833
A1,10,14,TRUE,0.042876959
A1,11,14,TRUE,0.054734945
A1,12,14,TRUE,0.036930084
A1,13,14,TRUE,0.046995878
A1,14,14,TRUE,0.050738096
A1,15,14,TRUE,0.030698299
A1,16,14,FALSE,0.067366123
A1,17,14,FALSE,0.013561726
A1,18,14,TRUE,0.047930956
A1,19,14,TRUE,0.03549695
A1,20,14,FALSE,0.01774478
A1,21,14,TRUE,0.056527138
A1,22,14,TRUE,0.038757801
A1,23,14,TRUE,0.081981897
A1,24,14,TRUE,0.035218954
A1,25,14,TRUE,0.055500746
A1,26,14,FALSE,0.016294241
A1,27,14,TRUE,0.047875166
A1,28,14,TRUE,0.032156944
A1,29,14,FALSE,0.017421961
A1,30,14,TRUE,0.084280729
A1,1,15,TRUE,0.035704851
A1,2,15,TRUE,0.034095049
A1,3,15,FALSE,0.020808935
A1,4,15,FALSE,0.017957687
A1,5,15,TRUE,0.033804893
A1,6,15,FALSE,0.014671087
A1,7,15,FALSE,0.017140865
A1,8,15,FALSE,0.055367231
A1,9,15,FALSE,0.037621737
A1,10,15,FALSE,0.020390034
A1,11,15,FALSE,0.012541771
A1,12,15,TRUE,0.042173147
A1,13,15,FALSE,0.019745111
A1,14,15,FALSE,0.03648901
A1,15,15,TRUE,0.032677889
A1,16,15,TRUE,0.033124924
A1,17,15,FALSE,0.017339945
A1,18,15,TRUE,0.07525301
A1,19,15,FALSE,0.006108284
A1,20,15,TRUE,0.045291185
A1,21,15,FALSE,0.02623415
A1,22,15,FALSE,0.026899099
A1,23,15,FALSE,0.038476706
A1,24,15,TRUE,0.059894085
A1,25,15,TRUE,0.03763628
A1,26,15,FALSE,0.012395144
A1,27,15,FALSE,0.009619951
A1,28,15,TRUE,0.040699959
A1,29,15,TRUE,0.032529831
A1,30,15,TRUE,0.033238888
A1,1,16,FALSE,0.013509989
A1,2,16,TRUE,0.052725315
A1,3,16,TRUE,0.05447197
A1,4,16,TRUE,0.032660007
A1,5,16,FALSE,0.012894869
A1,6,16,FALSE,0.015094995
A1,7,16,TRUE,0.085515976
A1,8,16,FALSE,0.008714914
A1,9,16,FALSE,0.023104906
A1,10,16,TRUE,0.045915842
A1,11,16,TRUE,0.046917915
A1,12,16,FALSE,0.017930031
A1,13,16,FALSE,0.010816813
A1,14,16,TRUE,0.083762169
A1,15,16,TRUE,0.04248786
A1,16,16,FALSE,0.033562183
A1,17,16,TRUE,0.034955025
A1,18,16,FALSE,0.022739887
A1,19,16,TRUE,0.088135958
A1,20,16,TRUE,0.038676023
A1,21,16,FALSE,0.020194054
A1,22,16,FALSE,0.005296946
A1,23,16,TRUE,0.081355095
A1,24,16,TRUE,0.034323215
A1,25,16,TRUE,0.037533998
A1,26,16,FALSE,0.042212248
A1,27,16,FALSE,0.251193285
A1,28,16,FALSE,0.065214872
A1,29,16,FALSE,0.050060034
A1,30,16,FALSE,0.057912111
A1,1,17,TRUE,0.09738636
A1,2,17,FALSE,0.014862061
A1,3,17,TRUE,0.130992174
A1,4,17,TRUE,0.088057995
A1,5,17,TRUE,0.058311939
A1,6,17,FALSE,0.045353174
A1,7,17,FALSE,0.030081749
A1,8,17,TRUE,0.058657169
A1,9,17,TRUE,0.046051979
A1,10,17,FALSE,0.01551795
A1,11,17,TRUE,0.096260786
A1,12,17,TRUE,0.042160988
A1,13,17,FALSE,0.012366772
A1,14,17,FALSE,0.015610218
A1,15,17,TRUE,0.083615065
A1,16,17,FALSE,0.012691021
A1,17,17,TRUE,0.088123083
A1,18,17,FALSE,0.019526958
A1,19,17,FALSE,0.012331724
A1,20,17,FALSE,0.014888763
A1,21,17,TRUE,0.061889172
A1,22,17,FALSE,0.037253857
A1,23,17,TRUE,0.073406935
A1,24,17,FALSE,0.009092093
A1,25,17,FALSE,0.039937019
A1,26,17,TRUE,0.070611954
A1,27,17,FALSE,0.048287153
A1,28,17,TRUE,0.047308922
A1,29,17,TRUE,0.051229
A1,30,17,TRUE,0.048669815
A1,1,18,FALSE,0.015541077
A1,2,18,TRUE,0.080323935
A1,3,18,TRUE,0.048028946
A1,4,18,TRUE,0.052741051
A1,5,18,FALSE,0.039687872
A1,6,18,FALSE,0.013117075
A1,7,18,FALSE,0.006398916
A1,8,18,FALSE,0.033284903
A1,9,18,TRUE,0.044264078
A1,10,18,TRUE,0.042548895
A1,11,18,FALSE,0.027783155
A1,12,18,TRUE,0.06461072
A1,13,18,FALSE,0.006028175
A1,14,18,FALSE,0.024112701
A1,15,18,FALSE,0.020783186
A1,16,18,TRUE,0.045263767
A1,17,18,TRUE,0.058485985
A1,18,18,TRUE,0.043187857
A1,19,18,FALSE,0.036482096
A1,20,18,TRUE,0.055719852
A1,21,18,TRUE,0.046153784
A1,22,18,TRUE,0.048023939
A1,23,18,TRUE,0.048751116
A1,24,18,TRUE,0.05061698
A1,25,18,TRUE,0.039417982
A1,26,18,TRUE,0.038478136
A1,27,18,TRUE,0.047310114
A1,28,18,TRUE,0.037328243
A1,29,18,FALSE,0.016875029
A1,30,18,TRUE,0.08433795
A1,1,19,TRUE,0.060815096
A1,2,19,TRUE,0.047117233
A1,3,19,TRUE,0.048716068
A1,4,19,FALSE,0.015912056
A1,5,19,FALSE,0.014820814
A1,6,19,FALSE,0.075420141
A1,7,19,FALSE,0.006197691
A1,8,19,TRUE,0.07955575
A1,9,19,FALSE,0.030502796
A1,10,19,FALSE,0.044464827
A1,11,19,FALSE,0.036996126
A1,12,19,FALSE,0.036353111
A1,13,19,FALSE,0.036524057
A1,14,19,TRUE,0.080742121
A1,15,19,FALSE,0.022138119
A1,16,19,TRUE,0.086827993
A1,17,19,TRUE,0.090120077
A1,18,19,TRUE,0.045804024
A1,19,19,FALSE,0.036617041
A1,20,19,FALSE,0.030045986
A1,21,19,TRUE,0.067632914
A1,22,19,TRUE,0.037333965
A1,23,19,TRUE,0.059592009
A1,24,19,FALSE,0.016983986
A1,25,19,FALSE,0.006637812
A1,26,19,TRUE,0.083779097
A1,27,19,FALSE,0.006890059
A1,28,19,TRUE,0.044613838
A1,29,19,TRUE,0.047908068
A1,30,19,TRUE,0.058968067
A1,1,20,FALSE,0.016015768
A1,2,20,FALSE,0.006799936
A1,3,20,TRUE,0.088468075
A1,4,20,TRUE,0.072150707
A1,5,20,FALSE,0.016743898
A1,6,20,TRUE,0.071836948
A1,7,20,TRUE,0.087141991
A1,8,20,FALSE,0.017899036
A1,9,20,TRUE,0.089728117
A1,10,20,FALSE,0.045684099
A1,11,20,FALSE,0.030221939
A1,12,20,TRUE,0.081643105
A1,13,20,FALSE,0.024250031
A1,14,20,TRUE,0.055545807
A1,15,20,TRUE,0.105003834
A1,16,20,TRUE,0.075586081
A1,17,20,TRUE,0.066849947
A1,18,20,TRUE,0.075832129
A1,19,20,FALSE,0.020148993
A1,20,20,TRUE,0.091444016
A1,21,20,TRUE,0.05239296
A1,22,20,FALSE,0.036435843
A1,23,20,TRUE,0.064161062
A1,24,20,TRUE,0.057212114
A1,25,20,TRUE,0.06756711
A1,26,20,FALSE,0.020352125
A1,27,20,TRUE,0.102777243
A1,28,20,TRUE,0.054699898
A1,29,20,FALSE,0.007722855
A1,30,20,TRUE,0.095079899
A1,1,21,TRUE,0.05510211
A1,2,21,FALSE,0.080416918
A1,3,21,FALSE,0.065368176
A1,4,21,TRUE,0.094775915
A1,5,21,TRUE,0.102476835
A1,6,21,TRUE,0.06726408
A1,7,21,FALSE,0.024199963
A1,8,21,TRUE,0.077155828
A1,9,21,FALSE,0.006971836
A1,10,21,TRUE,0.061799049
A1,11,21,TRUE,0.072934866
A1,12,21,TRUE,0.06065011
A1,13,21,FALSE,0.023175955
A1,14,21,TRUE,0.082896709
A1,15,21,TRUE,0.057747126
A1,16,21,TRUE,0.081607342
A1,17,21,TRUE,0.066186905
A1,18,21,FALSE,0.047520876
A1,19,21,FALSE,0.01842308
A1,20,21,FALSE,0.07051897
A1,21,21,FALSE,0.021224976
A1,22,21,TRUE,0.090229034
A1,23,21,FALSE,0.016855955
A1,24,21,TRUE,0.070846796
A1,25,21,FALSE,0.040380955
A1,26,21,FALSE,0.023046017
A1,27,21,FALSE,0.007021189
A1,28,21,FALSE,0.051870108
A1,29,21,FALSE,0.020647049
A1,30,21,FALSE,0.053777933
A1,1,22,TRUE,0.090834856
A1,2,22,TRUE,0.047417164
A1,3,22,FALSE,0.026466131
A1,4,22,TRUE,0.061514854
A1,5,22,FALSE,0.005586147
A1,6,22,TRUE,0.072643042
A1,7,22,FALSE,0.012226105
A1,8,22,FALSE,0.010247946
A1,9,22,FALSE,0.014352083
A1,10,22,FALSE,0.046947002
A1,11,22,FALSE,0.00982213
A1,12,22,TRUE,0.071069241
A1,13,22,FALSE,0.036163807
A1,14,22,TRUE,0.093204975
A1,15,22,FALSE,0.049923182
A1,16,22,TRUE,0.070781946
A1,17,22,TRUE,0.086477995
A1,18,22,TRUE,0.060811043
A1,19,22,FALSE,0.015007973
A1,20,22,TRUE,0.089782953
A1,21,22,FALSE,0.041153908
A1,22,22,TRUE,0.063616037
A1,23,22,FALSE,0.045439959
A1,24,22,TRUE,0.079384804
A1,25,22,TRUE,0.074424267
A1,26,22,FALSE,0.037308931
A1,27,22,FALSE,0.032347202
A1,28,22,FALSE,0.064313889
A1,29,22,FALSE,0.007791996
A1,30,22,FALSE,0.017539024
A1,1,23,TRUE,0.090284109
A1,2,23,FALSE,0.008571863
A1,3,23,FALSE,0.036472082
A1,4,23,FALSE,0.020395041
A1,5,23,FALSE,0.088310957
A1,6,23,FALSE,0.042507887
A1,7,23,FALSE,0.005269289
A1,8,23,FALSE,0.00997591
A1,9,23,TRUE,0.082388878
A1,10,23,TRUE,0.073565006
A1,11,23,TRUE,0.089259148
A1,12,23,FALSE,0.038446188
A1,13,23,TRUE,0.094395161
A1,14,23,TRUE,0.082942963
A1,15,23,TRUE,0.079385996
A1,16,23,FALSE,0.01834321
A1,17,23,FALSE,0.056089878
A1,18,23,FALSE,0.010799885
A1,19,23,TRUE,0.09187007
A1,20,23,FALSE,0.017638922
A1,21,23,FALSE,0.015398026
A1,22,23,TRUE,0.090912104
A1,23,23,FALSE,0.041837215
A1,24,23,FALSE,0.023647785
A1,25,23,FALSE,0.014861107
A1,26,23,FALSE,0.043392897
A1,27,23,TRUE,0.054182053
A1,28,23,TRUE,0.077084064
A1,29,23,FALSE,0.00740695
A1,30,23,FALSE,0.00868988
A1,1,24,FALSE,0.047826767
A1,2,24,TRUE,0.092955828
A1,3,24,FALSE,0.018244982
A1,4,24,TRUE,0.097789764
A1,5,24,FALSE,0.018544912
A1,6,24,TRUE,0.102373123
A1,7,24,TRUE,0.075553894
A1,8,24,TRUE,0.107674122
A1,9,24,TRUE,0.096992016
A1,10,24,TRUE,0.079278708
A1,11,24,FALSE,0.092905045
A1,12,24,TRUE,0.092961073
A1,13,24,TRUE,0.070380926
A1,14,24,FALSE,0.018608809
A1,15,24,TRUE,0.092755079
A1,16,24,FALSE,0.046663284
A1,17,24,TRUE,0.092864037
A1,18,24,TRUE,0.064086676
A1,19,24,FALSE,0.02380085
A1,20,24,TRUE,0.080495834
A1,21,24,FALSE,0.022156
A1,22,24,TRUE,0.090781927
A1,23,24,TRUE,0.057532787
A1,24,24,TRUE,0.079851151
A1,25,24,FALSE,0.0321908
A1,26,24,TRUE,0.082401037
A1,27,24,FALSE,0.076395988
A1,28,24,FALSE,0.032346725
A1,29,24,TRUE,0.083957911
A1,30,24,TRUE,0.090087891
A1,1,25,TRUE,0.093236923
A1,2,25,FALSE,0.01680398
A1,3,25,TRUE,0.094056129
A1,4,25,TRUE,0.079797029
A1,5,25,TRUE,0.082716942
A1,6,25,TRUE,0.092930079
A1,7,25,FALSE,0.005057096
A1,8,25,FALSE,0.018393278
A1,9,25,TRUE,0.086224079
A1,10,25,FALSE,0.016294003
A1,11,25,TRUE,0.12101984
A1,12,25,FALSE,0.062206984
A1,13,25,TRUE,0.077570915
A1,14,25,TRUE,0.08473897
A1,15,25,FALSE,0.032115221
A1,16,25,TRUE,0.079141855
A1,17,25,FALSE,0.056740761
A1,18,25,FALSE,0.025865078
A1,19,25,FALSE,0.04819417
A1,20,25,FALSE,0.073945761
A1,21,25,TRUE,0.094147921
A1,22,25,FALSE,0.025840044
A1,23,25,TRUE,0.081830025
A1,24,25,TRUE,0.087749004
A1,25,25,FALSE,0.015578747
A1,26,25,TRUE,0.093914986
A1,27,25,FALSE,0.006651163
A1,28,25,FALSE,0.005525112
A1,29,25,TRUE,0.072385073
A1,30,25,FALSE,0.013687849
A1,1,26,FALSE,0.045875072
A1,2,26,TRUE,0.091706991
A1,3,26,TRUE,0.104617119
A1,4,26,TRUE,0.11268115
A1,5,26,TRUE,0.088629961
A1,6,26,TRUE,0.075542927
A1,7,26,TRUE,0.088605881
A1,8,26,FALSE,0.005488873
A1,9,26,TRUE,0.080854177
A1,10,26,FALSE,0.00835371
A1,11,26,FALSE,0.021144152
A1,12,26,FALSE,0.014263153
A1,13,26,TRUE,0.090355873
A1,14,26,FALSE,0.005234241
A1,15,26,FALSE,0.060645819
A1,16,26,FALSE,0.025655031
A1,17,26,TRUE,0.083622694
A1,18,26,FALSE,0.01533103
A1,19,26,TRUE,0.118623972
A1,20,26,FALSE,0.017541885
A1,21,26,FALSE,0.008385181
A1,22,26,FALSE,0.008820295
A1,23,26,FALSE,0.00757122
A1,24,26,TRUE,0.093131781
A1,25,26,TRUE,0.080512047
A1,26,26,FALSE,0.075504303
A1,27,26,FALSE,0.008240223
A1,28,26,FALSE,0.023073196
A1,29,26,TRUE,0.078300953
A1,30,26,TRUE,0.100595236
A1,1,27,FALSE,0.013713121
A1,2,27,TRUE,0.099328995
A1,3,27,TRUE,0.091280937
A1,4,27,TRUE,0.082100868
A1,5,27,TRUE,0.080205917
A1,6,27,TRUE,0.081190825
A1,7,27,FALSE,0.006042957
A1,8,27,TRUE,0.105606794
A1,9,27,FALSE,0.020162106
A1,10,27,FALSE,0.010617018
A1,11,27,FALSE,0.038666964
A1,12,27,FALSE,0.021899939
A1,13,27,FALSE,0.047899008
A1,14,27,TRUE,0.07486105
A1,15,27,TRUE,0.072867155
A1,16,27,TRUE,0.097540855
A1,17,27,TRUE,0.074881077
A1,18,27,TRUE,0.083800077
A1,19,27,TRUE,0.082901001
A1,20,27,TRUE,0.107390165
A1,21,27,TRUE,0.08840394
A1,22,27,TRUE,0.094053984
A1,23,27,TRUE,0.089565277
A1,24,27,FALSE,0.029385328
A1,25,27,FALSE,0.084048748
A1,26,27,TRUE,0.074255943
A1,27,27,TRUE,0.094943285
A1,28,27,FALSE,0.034858942
A1,29,27,FALSE,0.007915974
A1,30,27,FALSE,0.006803989
A1,1,28,TRUE,0.119269848
A1,2,28,TRUE,0.088783979
A1,3,28,FALSE,0.031793118
A1,4,28,FALSE,0.006162882
A1,5,28,FALSE,0.010411024
A1,6,28,FALSE,0.032862186
A1,7,28,FALSE,0.021047831
A1,8,28,TRUE,0.091896057
A1,9,28,TRUE,0.100244045
A1,10,28,TRUE,0.100574017
A1,11,28,TRUE,0.103655815
A1,12,28,TRUE,0.171157122
A1,13,28,TRUE,0.093365908
A1,14,28,FALSE,0.012221813
A1,15,28,TRUE,0.093811035
A1,16,28,FALSE,0.047535181
A1,17,28,TRUE,0.208506107
A1,18,28,FALSE,0.044597149
A1,19,28,FALSE,0.113086939
A1,20,28,FALSE,0.009376049
A1,21,28,TRUE,0.104208946
A1,22,28,FALSE,0.066401005
A1,23,28,FALSE,0.017030001
A1,24,28,FALSE,0.103650093
A1,25,28,FALSE,0.032311916
A1,26,28,FALSE,0.029271126
A1,27,28,FALSE,0.010160923
A1,28,28,FALSE,0.06095314
A1,29,28,FALSE,0.086242914
A1,30,28,FALSE,0.014793873
A1,1,29,TRUE,0.087973833
A1,2,29,TRUE,0.094989061
A1,3,29,TRUE,0.117141962
A1,4,29,TRUE,0.2082479
A1,5,29,FALSE,0.128508806
A1,6,29,FALSE,0.051202059
A1,7,29,TRUE,0.10767889
A1,8,29,FALSE,0.055374146
A1,9,29,TRUE,0.114302874
A1,10,29,FALSE,0.039464951
A1,11,29,TRUE,0.114417791
A1,12,29,TRUE,0.094911098
A1,13,29,FALSE,0.036964178
A1,14,29,FALSE,0.074665308
A1,15,29,FALSE,0.036915302
A1,16,29,FALSE,0.077125072
A1,17,29,FALSE,0.015013933
A1,18,29,FALSE,0.006166935
A1,19,29,TRUE,0.180642843
A1,20,29,FALSE,0.025917053
A1,21,29,FALSE,0.030055046
A1,22,29,FALSE,0.121508121
A1,23,29,TRUE,0.08639884
A1,24,29,TRUE,0.079447985
A1,25,29,FALSE,0.008352041
A1,26,29,TRUE,0.094092131
A1,27,29,FALSE,0.073494911
A1,28,29,TRUE,0.097045898
A1,29,29,FALSE,0.005445957
A1,30,29,FALSE,0.05149889
A1,1,30,FALSE,0.00671792
A1,2,30,TRUE,0.09671092
A1,3,30,FALSE,0.010784149
A1,4,30,FALSE,0.006571054
A1,5,30,TRUE,0.107327938
A1,6,30,TRUE,0.187990189
A1,7,30,TRUE,0.734560013
A1,8,30,FALSE,0.054136038
A1,9,30,FALSE,0.109671831
A1,10,30,TRUE,0.278746128
A1,11,30,TRUE,0.202031851
A1,12,30,FALSE,0.132070065
A1,13,30,FALSE,0.042326927
A1,14,30,TRUE,0.182646036
A1,15,30,FALSE,0.101180792
A1,16,30,FALSE,0.031928062
A1,17,30,FALSE,0.010246992
A1,18,30,TRUE,0.101651192
A1,19,30,FALSE,0.014279842
A1,20,30,FALSE,0.043033123
A1,21,30,FALSE,0.07363677
A1,22,30,FALSE,0.02488184
A1,23,30,FALSE,0.10146904
A1,24,30,FALSE,0.042958021
A1,25,30,TRUE,0.105262041
A1,26,30,FALSE,0.015348911
A1,27,30,FALSE,0.152102232
A1,28,30,FALSE,0.01046896
A1,29,30,FALSE,0.005351067
A1,30,30,TRUE,0.109226942
A1,1,31,TRUE,0.152264118
A1,2,31,FALSE,0.025909901
A1,3,31,FALSE,0.022101879
A1,4,31,TRUE,0.103753328
A1,5,31,FALSE,0.016288042
A1,6,31,FALSE,0.03669405
A1,7,31,FALSE,0.022276878
A1,8,31,FALSE,0.015815258
A1,9,31,FALSE,0.023043633
A1,10,31,TRUE,0.108547926
A1,11,31,FALSE,0.019486904
A1,12,31,FALSE,0.063203096
A1,13,31,FALSE,0.009984732
A1,14,31,FALSE,0.006052971
A1,15,31,TRUE,0.086056948
A1,16,31,FALSE,0.067892075
A1,17,31,TRUE,0.097927094
A1,18,31,TRUE,0.125286818
A1,19,31,FALSE,0.031538963
A1,20,31,FALSE,0.018055916
A1,21,31,TRUE,0.152137995
A1,22,31,TRUE,0.107106924
A1,23,31,FALSE,0.005670071
A1,24,31,FALSE,0.096445084
A1,25,31,TRUE,0.135416985
A1,26,31,FALSE,0.048074961
A1,27,31,TRUE,0.109158039
A1,28,31,FALSE,0.089800358
A1,29,31,FALSE,0.079893112
A1,30,31,FALSE,0.043351889
A1,1,32,FALSE,0.011588097
A1,2,32,FALSE,0.074899912
A1,3,32,TRUE,0.094645023
A1,4,32,TRUE,0.109832764
A1,5,32,TRUE,0.087942839
A1,6,32,FALSE,0.007565022
A1,7,32,FALSE,0.006942987
A1,8,32,FALSE,0.021309137
A1,9,32,FALSE,0.172204018
A1,10,32,FALSE,0.054371119
A1,11,32,TRUE,0.107612848
A1,12,32,FALSE,0.007013798
A1,13,32,TRUE,0.091797113
A1,14,32,FALSE,0.026576042
A1,15,32,TRUE,0.112466097
A1,16,32,FALSE,0.014984369
A1,17,32,TRUE,0.115491867
A1,18,32,FALSE,0.082424164
A1,19,32,FALSE,0.108098745
A1,20,32,TRUE,0.273124218
A1,21,32,FALSE,0.0074718
A1,22,32,FALSE,0.065502882
A1,23,32,FALSE,0.029263973
A1,24,32,FALSE,0.049905777
A1,25,32,FALSE,0.078438044
A1,26,32,TRUE,0.090966702
A1,27,32,FALSE,0.014205933
A1,28,32,FALSE,0.00505805
A1,29,32,FALSE,0.008705616
A1,30,32,FALSE,0.02018404
A1,1,33,FALSE,0.095859051
A1,2,33,TRUE,0.180847883
A1,3,33,FALSE,0.044037104
A1,4,33,FALSE,0.014435291
A1,5,33,FALSE,0.070829153
A1,6,33,FALSE,0.022840977
A1,7,33,FALSE,0.00624299
A1,8,33,TRUE,0.114804983
A1,9,33,TRUE,0.087981701
A1,10,33,FALSE,0.056591988
A1,11,33,FALSE,0.050357819
A1,12,33,TRUE,0.141268969
A1,13,33,FALSE,0.021085978
A1,14,33,TRUE,0.151075125
A1,15,33,TRUE,0.127677917
A1,16,33,FALSE,0.005838156
A1,17,33,FALSE,0.051083088
A1,18,33,TRUE,0.121335983
A1,19,33,FALSE,0.031153917
A1,20,33,TRUE,0.212004185
A1,21,33,FALSE,0.009468079
A1,22,33,FALSE,0.008925915
A1,23,33,FALSE,0.209198952
A1,24,33,TRUE,0.138453007
A1,25,33,FALSE,0.045378923
A1,26,33,TRUE,0.085506201
A1,27,33,FALSE,0.0082798
A1,28,33,FALSE,0.007009029
A1,29,33,FALSE,0.029163122
A1,30,33,FALSE,0.064669132
A1,1,34,FALSE,0.075394869
A1,2,34,FALSE,0.020730734
A1,3,34,FALSE,0.019920826
A1,4,34,FALSE,0.133622885
A1,5,34,FALSE,0.015762806
A1,6,34,FALSE,0.039656878
A1,7,34,FALSE,0.011350155
A1,8,34,FALSE,0.009845972
A1,9,34,FALSE,0.081379175
A1,10,34,FALSE,0.023264885
A1,11,34,TRUE,0.106374979
A1,12,34,TRUE,0.09277916
A1,13,34,FALSE,0.017889977
A1,14,34,FALSE,0.019229889
A1,15,34,TRUE,0.124735117
A1,16,34,TRUE,0.110762119
A1,17,34,FALSE,0.075236082
A1,18,34,FALSE,0.068554878
A1,19,34,FALSE,0.020431995
A1,20,34,TRUE,0.160175085
A1,21,34,TRUE,0.109218121
A1,22,34,FALSE,0.013885021
A1,23,34,FALSE,0.114693165
A1,24,34,FALSE,0.014224291
A1,25,34,FALSE,0.008690834
A1,26,34,FALSE,0.022856951
A1,27,34,FALSE,0.006071091
A1,28,34,FALSE,0.017913818
A1,29,34,FALSE,0.074431181
A1,30,34,FALSE,0.045057774
A1,1,35,FALSE,0.055741787
A1,2,35,FALSE,0.009455919
A1,3,35,FALSE,0.023569107
A1,4,35,FALSE,0.028850794
A1,5,35,FALSE,0.097901106
A1,6,35,FALSE,0.042648077
A1,7,35,TRUE,0.088985682
A1,8,35,TRUE,0.116279125
A1,9,35,FALSE,0.005013704
A1,10,35,FALSE,0.030656099
A1,11,35,FALSE,0.061687231
A1,12,35,TRUE,0.106856108
A1,13,35,FALSE,0.104863882
A1,14,35,TRUE,0.107212067
A1,15,35,TRUE,0.10613513
A1,16,35,TRUE,0.096382141
A1,17,35,FALSE,0.069627047
A1,18,35,FALSE,0.022700787
A1,19,35,FALSE,0.00822401
A1,20,35,FALSE,0.067300081
A1,21,35,TRUE,0.124397039
A1,22,35,TRUE,0.096391916
A1,23,35,FALSE,0.066900969
A1,24,35,TRUE,0.195860863
A1,25,35,FALSE,0.006798029
A1,26,35,TRUE,0.108167887
A1,27,35,FALSE,0.087362766
A1,28,35,TRUE,0.112849951
A1,29,35,FALSE,0.092751741
A1,30,35,TRUE,0.102921963
A1,1,36,FALSE,0.047842264
A1,2,36,FALSE,0.044890881
A1,3,36,FALSE,0.038136244
A1,4,36,FALSE,0.058611155
A1,5,36,FALSE,0.021114111
A1,6,36,FALSE,0.007815123
A1,7,36,FALSE,0.078071117
A1,8,36,TRUE,0.122220993
A1,9,36,FALSE,0.011603832
A1,10,36,FALSE,0.092178345
A1,11,36,FALSE,0.028198957
A1,12,36,TRUE,0.113019228
A1,13,36,FALSE,0.0152421
A1,14,36,FALSE,0.020573139
A1,15,36,TRUE,0.102421761
A1,16,36,FALSE,0.005607128
A1,17,36,FALSE,0.027087927
A1,18,36,TRUE,0.107846022
A1,19,36,FALSE,0.114227057
A1,20,36,FALSE,0.010219812
A1,21,36,FALSE,0.094691038
A1,22,36,FALSE,0.041346073
A1,23,36,FALSE,0.112170935
A1,24,36,FALSE,0.031875134
A1,25,36,TRUE,0.107727766
A1,26,36,FALSE,0.028264999
A1,27,36,TRUE,0.120738745
A1,28,36,FALSE,0.090862036
A1,29,36,FALSE,0.014580011
A1,30,36,FALSE,0.105223179
A1,1,37,FALSE,0.058159113
A1,2,37,FALSE,0.04471302
A1,3,37,FALSE,0.020403862
A1,4,37,FALSE,0.035055876
A1,5,37,TRUE,0.158653259
A1,6,37,TRUE,0.119549274
A1,7,37,FALSE,0.058525085
A1,8,37,FALSE,0.030947924
A1,9,37,TRUE,0.407507896
A1,10,37,FALSE,0.005673885
A1,11,37,FALSE,0.007200003
A1,12,37,TRUE,0.123504162
A1,13,37,FALSE,0.026686192
A1,14,37,FALSE,0.01066184
A1,15,37,FALSE,0.02317214
A1,16,37,FALSE,0.026968002
A1,17,37,FALSE,0.024924278
A1,18,37,FALSE,0.00798893
A1,19,37,FALSE,0.031373978
A1,20,37,TRUE,0.086126089
A1,21,37,FALSE,0.042359114
A1,22,37,FALSE,0.098037004
A1,23,37,FALSE,0.027633905
A1,24,37,FALSE,0.039859056
A1,25,37,FALSE,0.006155968
A1,26,37,FALSE,0.024269104
A1,27,37,FALSE,0.027669907
A1,28,37,TRUE,0.13684082
A1,29,37,FALSE,0.045960903
A1,30,37,FALSE,0.036116838
A1,1,38,FALSE,0.096297264
A1,2,38,FALSE,0.042886257
A1,3,38,FALSE,0.166903019
A1,4,38,FALSE,0.014674187
A1,5,38,FALSE,0.04287529
A1,6,38,FALSE,0.113013983
A1,7,38,FALSE,0.007516861
A1,8,38,FALSE,0.072528839
A1,9,38,FALSE,0.035384178
A1,10,38,FALSE,0.086948156
A1,11,38,FALSE,0.037510872
A1,12,38,FALSE,0.016054153
A1,13,38,FALSE,0.019157171
A1,14,38,FALSE,0.064450741
A1,15,38,FALSE,0.037845135
A1,16,38,FALSE,0.059390783
A1,17,38,FALSE,0.016392231
A1,18,38,FALSE,0.008789063
A1,19,38,FALSE,0.09081912
A1,20,38,FALSE,0.065368176
A1,21,38,FALSE,0.090356827
A1,22,38,FALSE,0.10781908
A1,23,38,FALSE,0.017054081
A1,24,38,FALSE,0.078053951
A1,25,38,FALSE,0.091144323
A1,26,38,TRUE,0.105974913
A1,27,38,FALSE,0.059098005
A1,28,38,FALSE,0.053345919
A1,29,38,FALSE,0.005363941
A1,30,38,TRUE,0.105664968
A1,1,39,FALSE,0.023881912
A1,2,39,FALSE,0.107740879
A1,3,39,TRUE,0.097611189
A1,4,39,FALSE,0.009215117
A1,5,39,FALSE,0.004991055
A1,6,39,FALSE,0.011015892
A1,7,39,FALSE,0.035297871
A1,8,39,FALSE,0.107394934
A1,9,39,FALSE,0.089089155
A1,10,39,FALSE,0.010686874
A1,11,39,FALSE,0.021023035
A1,12,39,FALSE,0.011818886
A1,13,39,TRUE,0.150734186
A1,14,39,FALSE,0.096441746
A1,15,39,FALSE,0.006160736
A1,16,39,TRUE,0.15362215
A1,17,39,TRUE,0.140671968
A1,18,39,TRUE,0.150083065
A1,19,39,TRUE,0.136224985
A1,20,39,FALSE,0.063716173
A1,21,39,FALSE,0.00995779
A1,22,39,FALSE,0.042481899
A1,23,39,FALSE,0.023417711
A1,24,39,TRUE,0.115786076
A1,25,39,FALSE,0.010172129
A1,26,39,TRUE,0.139636278
A1,27,39,FALSE,0.029901981
A1,28,39,FALSE,0.097398758
A1,29,39,TRUE,0.164130211
A1,30,39,FALSE,0.032726049
A1,1,40,FALSE,0.006888151
A1,2,40,FALSE,0.011406183
A1,3,40,FALSE,0.011119127
A1,4,40,TRUE,0.269475222
A1,5,40,TRUE,0.233196974
A1,6,40,TRUE,0.209614277
A1,7,40,FALSE,0.024888039
A1,8,40,FALSE,0.011153221
A1,9,40,FALSE,0.057693005
A1,10,40,FALSE,0.035491943
A1,11,40,TRUE,0.119987011
A1,12,40,FALSE,0.054822922
A1,13,40,FALSE,0.06139183
A1,14,40,TRUE,0.131859064
A1,15,40,FALSE,0.062481165
A1,16,40,FALSE,0.171175241
A1,17,40,FALSE,0.171923876
A1,18,40,TRUE,0.118649721
A1,19,40,TRUE,0.124215841
A1,20,40,FALSE,0.013484716
A1,21,40,TRUE,0.165112019
A1,22,40,TRUE,0.123387814
A1,23,40,FALSE,0.072095871
A1,24,40,FALSE,0.006524086
A1,25,40,FALSE,0.030106068
A1,26,40,FALSE,0.014136076
A1,27,40,TRUE,0.149998665
A1,28,40,FALSE,0.031047344
A1,29,40,FALSE,0.032465696
A1,30,40,TRUE,0.150970936
A1,1,41,TRUE,0.145189762
A1,2,41,TRUE,0.13522315
A1,3,41,TRUE,0.150396824
A1,4,41,FALSE,0.028048754
A1,5,41,FALSE,0.007544041
A1,6,41,FALSE,0.103016853
A1,7,41,FALSE,0.048219919
A1,8,41,FALSE,0.105916977
A1,9,41,FALSE,0.047767162
A1,10,41,TRUE,0.125617981
A1,11,41,TRUE,0.147819042
A1,12,41,FALSE,0.090703964
A1,13,41,FALSE,0.020680904
A1,14,41,TRUE,0.136559963
A1,15,41,FALSE,0.057072878
A1,16,41,TRUE,0.118393183
A1,17,41,FALSE,0.027253866
A1,18,41,FALSE,0.02792716
A1,19,41,TRUE,0.11476922
A1,20,41,FALSE,0.098912954
A1,21,41,TRUE,0.145788908
A1,22,41,FALSE,0.021821976
A1,23,41,TRUE,0.147101879
A1,24,41,FALSE,0.039784193
A1,25,41,FALSE,0.035723209
A1,26,41,TRUE,0.168346882
A1,27,41,FALSE,0.020735025
A1,28,41,FALSE,0.017757893
A1,29,41,TRUE,0.116246223
A1,30,41,FALSE,0.010826826
A1,1,42,FALSE,0.053057909
A1,2,42,FALSE,0.016982079
A1,3,42,FALSE,0.025286198
A1,4,42,FALSE,0.151863813
A1,5,42,FALSE,0.006725311
A1,6,42,TRUE,0.137288809
A1,7,42,TRUE,0.127611876
A1,8,42,FALSE,0.006968975
A1,9,42,FALSE,0.031509161
A1,10,42,TRUE,0.154947996
A1,11,42,FALSE,0.083553076
A1,12,42,FALSE,0.044149876
A1,13,42,FALSE,0.032590151
A1,14,42,FALSE,0.124469042
A1,15,42,FALSE,0.087044954
A1,16,42,FALSE,0.098219156
A1,17,42,TRUE,0.103543997
A1,18,42,FALSE,0.020469666
A1,19,42,FALSE,0.117154837
A1,20,42,FALSE,0.010893106
A1,21,42,FALSE,0.012550831
A1,22,42,FALSE,0.040766954
A1,23,42,FALSE,0.017984152
A1,24,42,FALSE,0.042245865
A1,25,42,FALSE,0.087600231
A1,26,42,FALSE,0.017455816
A1,27,42,TRUE,0.134572983
A1,28,42,FALSE,0.076216936
A1,29,42,FALSE,0.427191019
A1,30,42,TRUE,0.31435585
A1,1,43,FALSE,0.110366106
A1,2,43,FALSE,0.016831875
A1,3,43,FALSE,0.006742954
A1,4,43,FALSE,0.037703037
A1,5,43,FALSE,0.038378
A1,6,43,FALSE,0.035474062
A1,7,43,FALSE,0.100589275
A1,8,43,FALSE,0.090795994
A1,9,43,FALSE,0.028604031
A1,10,43,FALSE,0.113103151
A1,11,43,FALSE,0.025131226
A1,12,43,TRUE,0.181219816
A1,13,43,FALSE,0.114479303
A1,14,43,TRUE,0.159106016
A1,15,43,FALSE,0.018821001
A1,16,43,TRUE,0.123028994
A1,17,43,FALSE,0.064314842
A1,18,43,FALSE,0.040330887
A1,19,43,FALSE,0.007784843
A1,20,43,FALSE,0.03491497
A1,21,43,FALSE,0.015378952
A1,22,43,TRUE,0.141243219
A1,23,43,FALSE,0.030434847
A1,24,43,TRUE,0.154595852
A1,25,43,TRUE,0.158561945
A1,26,43,FALSE,0.044219017
A1,27,43,FALSE,0.106787682
A1,28,43,TRUE,0.119781971
A1,29,43,TRUE,0.152126074
A1,30,43,TRUE,0.153286934
A1,1,44,FALSE,0.070497036
A1,2,44,FALSE,0.00722909
A1,3,44,FALSE,0.026841879
A1,4,44,TRUE,0.175191879
A1,5,44,FALSE,0.031953096
A1,6,44,TRUE,0.155512094
A1,7,44,FALSE,0.080038071
A1,8,44,FALSE,0.115592003
A1,9,44,TRUE,0.135383844
A1,10,44,TRUE,0.142880917
A1,11,44,FALSE,0.024616003
A1,12,44,FALSE,0.120131016
A1,13,44,FALSE,0.101315737
A1,14,44,FALSE,0.100926161
A1,15,44,FALSE,0.018523216
A1,16,44,FALSE,0.008846045
A1,17,44,FALSE,0.056350231
A1,18,44,FALSE,0.025346041
A1,19,44,FALSE,0.01825881
A1,20,44,FALSE,0.013526201
A1,21,44,FALSE,0.030733109
A1,22,44,FALSE,0.014716864
A1,23,44,TRUE,0.166100979
A1,24,44,FALSE,0.026870966
A1,25,44,FALSE,0.084701061
A1,26,44,FALSE,0.021522045
A1,27,44,TRUE,0.119431019
A1,28,44,FALSE,0.080145836
A1,29,44,FALSE,0.094939947
A1,30,44,TRUE,0.118905067
A1,1,45,FALSE,0.020676136
A1,2,45,FALSE,0.018078804
A1,3,45,FALSE,0.023614883
A1,4,45,FALSE,0.015622854
A1,5,45,TRUE,0.196196318
A1,6,45,FALSE,0.02584815
A1,7,45,FALSE,0.015187025
A1,8,45,FALSE,0.043924809
A1,9,45,FALSE,0.008866072
A1,10,45,TRUE,0.242954016
A1,11,45,FALSE,0.053557158
A1,12,45,FALSE,0.026229143
A1,13,45,FALSE,0.045549631
A1,14,45,FALSE,0.027210951
A1,15,45,TRUE,0.267113924
A1,16,45,TRUE,0.174271822
A1,17,45,FALSE,0.064404011
A1,18,45,FALSE,0.245898962
A1,19,45,TRUE,0.186027765
A1,20,45,TRUE,0.087388992
A1,21,45,FALSE,0.010149002
A1,22,45,FALSE,0.013079166
A1,23,45,FALSE,0.0223701
A1,24,45,FALSE,0.250203848
A1,25,45,TRUE,0.242043972
A1,26,45,TRUE,0.245954037
A1,27,45,FALSE,0.019378901
A1,28,45,FALSE,0.01077199
A1,29,45,TRUE,0.243175268
A1,30,45,FALSE,0.027255058
A1,1,46,FALSE,0.01248908
A1,2,46,FALSE,0.167832851
A1,3,46,FALSE,0.076632023
A1,4,46,FALSE,0.010546923
A1,5,46,FALSE,0.117960215
A1,6,46,FALSE,0.013943911
A1,7,46,TRUE,0.173285246
A1,8,46,FALSE,0.024993181
A1,9,46,FALSE,0.092263937
A1,10,46,FALSE,0.056894779
A1,11,46,FALSE,0.044259071
A1,12,46,TRUE,0.135493994
A1,13,46,TRUE,0.161126137
A1,14,46,FALSE,0.037966728
A1,15,46,TRUE,0.106880903
A1,16,46,FALSE,0.006600857
A1,17,46,FALSE,0.094600916
A1,18,46,TRUE,0.159060001
A1,19,46,FALSE,0.021465063
A1,20,46,TRUE,0.15140605
A1,21,46,FALSE,0.024852037
A1,22,46,TRUE,0.151778221
A1,23,46,FALSE,0.012050867
A1,24,46,TRUE,0.149084806
A1,25,46,FALSE,0.078404903
A1,26,46,FALSE,0.018963099
A1,27,46,FALSE,0.019325018
A1,28,46,TRUE,0.16600585
A1,29,46,TRUE,0.148605108
A1,30,46,TRUE,0.16495204
A1,1,47,FALSE,0.056764841
A1,2,47,FALSE,0.085161924
A1,3,47,TRUE,0.126060247
A1,4,47,TRUE,0.152342081
A1,5,47,FALSE,0.101546049
A1,6,47,FALSE,0.044336796
A1,7,47,FALSE,0.025675058
A1,8,47,FALSE,0.020406008
A1,9,47,FALSE,0.076555014
A1,10,47,FALSE,0.047372103
A1,11,47,FALSE,0.015740871
A1,12,47,FALSE,0.085285187
A1,13,47,FALSE,0.014364958
A1,14,47,FALSE,0.043256044
A1,15,47,FALSE,0.06461525
A1,16,47,TRUE,0.159934044
A1,17,47,FALSE,0.038477898
A1,18,47,FALSE,0.096722126
A1,19,47,FALSE,0.073554993
A1,20,47,FALSE,0.06530714
A1,21,47,FALSE,0.013183355
A1,22,47,FALSE,0.014492989
A1,23,47,FALSE,0.043725252
A1,24,47,FALSE,0.009883165
A1,25,47,FALSE,0.015638113
A1,26,47,FALSE,0.0643332
A1,27,47,FALSE,0.012286901
A1,28,47,FALSE,0.014021158
A1,29,47,FALSE,0.142108917
A1,30,47,TRUE,0.148437023
A1,1,48,FALSE,0.579665899
A1,2,48,FALSE,0.020439625
A1,3,48,FALSE,0.210197926
A1,4,48,FALSE,0.010370016
A1,5,48,FALSE,0.019624949
A1,6,48,FALSE,0.106609821
A1,7,48,TRUE,0.295886993
A1,8,48,FALSE,0.062136889
A1,9,48,FALSE,0.105694056
A1,10,48,TRUE,0.132616043
A1,11,48,FALSE,0.015868902
A1,12,48,FALSE,0.042273045
A1,13,48,TRUE,0.163202047
A1,14,48,TRUE,0.087857962
A1,15,48,FALSE,0.055452347
A1,16,48,FALSE,0.017254829
A1,17,48,FALSE,0.042863846
A1,18,48,FALSE,0.134297848
A1,19,48,FALSE,0.0408988
A1,20,48,FALSE,0.025606871
A1,21,48,FALSE,0.046390057
A1,22,48,FALSE,0.055467129
A1,23,48,FALSE,0.019097805
A1,24,48,FALSE,0.031233072
A1,25,48,FALSE,0.052116156
A1,26,48,FALSE,0.052700758
A1,27,48,FALSE,0.04342103
A1,28,48,FALSE,0.023066044
A1,29,48,FALSE,0.084773064
A1,30,48,TRUE,0.381289959
A1,1,49,FALSE,0.304626942
A1,2,49,FALSE,0.018162012
A1,3,49,FALSE,0.01180315
A1,4,49,FALSE,0.091204882
A1,5,49,FALSE,0.022353172
A1,6,49,FALSE,0.055244923
A1,7,49,TRUE,0.160397053
A1,8,49,FALSE,0.026428938
A1,9,49,FALSE,0.028918028
A1,10,49,FALSE,0.114537001
A1,11,49,FALSE,0.06079483
A1,12,49,FALSE,0.167999029
A1,13,49,FALSE,0.020143032
A1,14,49,FALSE,0.078124046
A1,15,49,FALSE,0.011296988
A1,16,49,FALSE,0.079229832
A1,17,49,FALSE,0.007034779
A1,18,49,FALSE,0.009379148
A1,19,49,TRUE,0.177446842
A1,20,49,FALSE,0.075842142
A1,21,49,FALSE,0.167001009
A1,22,49,FALSE,0.109764099
A1,23,49,FALSE,0.103239059
A1,24,49,FALSE,0.054274082
A1,25,49,TRUE,0.193945169
A1,26,49,TRUE,0.159946203
A1,27,49,FALSE,0.145777941
A1,28,49,FALSE,0.007845879
A1,29,49,TRUE,0.222064257
A1,30,49,TRUE,0.161620855
A1,1,50,FALSE,0.09952116
A1,2,50,FALSE,0.041215897
A1,3,50,FALSE,0.137016058
A1,4,50,FALSE,0.019297123
A1,5,50,FALSE,0.03892374
A1,6,50,FALSE,0.045174122
A1,7,50,FALSE,0.110695124
A1,8,50,TRUE,0.181738853
A1,9,50,FALSE,0.101470947
A1,10,50,FALSE,0.13236618
A1,11,50,FALSE,0.020890951
A1,12,50,TRUE,0.174838066
A1,13,50,FALSE,0.080163956
A1,14,50,FALSE,0.162189245
A1,15,50,FALSE,0.15467906
A1,16,50,TRUE,0.298638821
A1,17,50,FALSE,0.017409086
A1,18,50,FALSE,0.1235919
A1,19,50,FALSE,0.112353086
A1,20,50,FALSE,0.021596193
A1,21,50,FALSE,0.011352062
A1,22,50,TRUE,0.163607597
A1,23,50,TRUE,0.154956102
A1,24,50,FALSE,0.025906801
A1,25,50,TRUE,0.150096178
A1,26,50,TRUE,0.151264906
A1,27,50,FALSE,0.037931919
A1,28,50,FALSE,6.020492077
A1,29,50,FALSE,0.398660183
A1,30,50,FALSE,0.01833415
A1,1,51,FALSE,0.035064697
A1,2,51,FALSE,0.018172026
A1,3,51,FALSE,0.062155008
A1,4,51,FALSE,0.014019966
A1,5,51,FALSE,0.01463604
A1,6,51,FALSE,0.050689936
A1,7,51,TRUE,0.195035219
A1,8,51,TRUE,0.099655867
A1,9,51,FALSE,0.182406902
A1,10,51,FALSE,0.018103123
A1,11,51,FALSE,0.01030302
A1,12,51,FALSE,0.039804935
A1,13,51,FALSE,0.007096052
A1,14,51,TRUE,0.174189806
A1,15,51,FALSE,0.145434141
A1,16,51,FALSE,0.041936874
A1,17,51,FALSE,0.079797983
A1,18,51,FALSE,0.017462015
A1,19,51,FALSE,0.435661077
A1,20,51,FALSE,0.016531944
A1,21,51,FALSE,0.004714966
A1,22,51,FALSE,0.019610167
A1,23,51,TRUE,0.21364975
A1,24,51,FALSE,0.077435017
A1,25,51,FALSE,0.056167126
A1,26,51,FALSE,0.015812159
A1,27,51,FALSE,0.008467197
A1,28,51,FALSE,0.034363031
A1,29,51,FALSE,0.105861902
A1,30,51,FALSE,0.011794806
A1,1,52,TRUE,0.184196711
A1,2,52,FALSE,0.025658846
A1,3,52,FALSE,0.065061808
A1,4,52,FALSE,0.023394108
A1,5,52,FALSE,0.155189991
A1,6,52,FALSE,0.011098862
A1,7,52,FALSE,0.02168107
A1,8,52,FALSE,0.02690196
A1,9,52,TRUE,0.163028002
A1,10,52,FALSE,0.029242039
A1,11,52,FALSE,0.009728909
A1,12,52,TRUE,0.215626001
A1,13,52,FALSE,0.061694145
A1,14,52,TRUE,0.158429861
A1,15,52,FALSE,0.09256196
A1,16,52,FALSE,0.096251965
A1,17,52,FALSE,0.077635765
A1,18,52,FALSE,0.015856028
A1,19,52,TRUE,0.608809948
A1,20,52,FALSE,0.034889221
A1,21,52,FALSE,0.180462122
A1,22,52,FALSE,0.081889868
A1,23,52,FALSE,0.032399893
A1,24,52,FALSE,0.107979059
A1,25,52,FALSE,0.007517099
A1,26,52,FALSE,0.069047213
A1,27,52,FALSE,0.146404982
A1,28,52,TRUE,0.180297136
A1,29,52,TRUE,0.175915718
A1,30,52,FALSE,0.016396999
A1,1,53,FALSE,0.024272919
A1,2,53,FALSE,0.136547089
A1,3,53,FALSE,0.054095984
A1,4,53,FALSE,0.036197901
A1,5,53,FALSE,0.028302908
A1,6,53,FALSE,0.15076685
A1,7,53,FALSE,0.150912046
A1,8,53,FALSE,0.008522034
A1,9,53,FALSE,0.147481918
A1,10,53,TRUE,0.17889905
A1,11,53,FALSE,0.083833218
A1,12,53,TRUE,0.245885849
A1,13,53,FALSE,0.081274033
A1,14,53,TRUE,0.170621872
A1,15,53,FALSE,0.101646185
A1,16,53,FALSE,0.015513182
A1,17,53,FALSE,0.093305826
A1,18,53,FALSE,0.042111397
A1,19,53,FALSE,0.065667629
A1,20,53,TRUE,0.165498257
A1,21,53,TRUE,0.172032833
A1,22,53,FALSE,0.005996227
A1,23,53,FALSE,0.079318047
A1,24,53,TRUE,0.172287941
A1,25,53,FALSE,0.012150049
A1,26,53,FALSE,0.010385275
A1,27,53,FALSE,0.090101004
A1,28,53,FALSE,0.020121098
A1,29,53,TRUE,0.134571791
A1,30,53,FALSE,0.092759132
A1,1,54,FALSE,0.014274836
A1,2,54,TRUE,0.195647955
A1,3,54,TRUE,0.117370129
A1,4,54,FALSE,0.010123014
A1,5,54,FALSE,0.009851933
A1,6,54,FALSE,0.015581369
A1,7,54,FALSE,0.134299755
A1,8,54,FALSE,0.013001442
A1,9,54,TRUE,0.184117079
A1,10,54,FALSE,0.105054855
A1,11,54,FALSE,0.074386835
A1,12,54,FALSE,0.020489931
A1,13,54,FALSE,0.037939072
A1,14,54,FALSE,0.628465176
A1,15,54,FALSE,0.46336174
A1,16,54,FALSE,0.075380087
A1,17,54,FALSE,0.037057161
A1,18,54,TRUE,0.246936798
A1,19,54,FALSE,0.08591795
A1,20,54,FALSE,0.162950993
A1,21,54,FALSE,0.008877039
A1,22,54,FALSE,0.009805918
A1,23,54,TRUE,0.242259979
A1,24,54,FALSE,0.153082848
A1,25,54,TRUE,0.281076908
A1,26,54,FALSE,0.024574995
A1,27,54,FALSE,0.057433844
A1,28,54,FALSE,0.081236124
A1,29,54,FALSE,0.006587744
A1,30,54,FALSE,0.206836939
A1,1,55,FALSE,0.076955795
A1,2,55,TRUE,0.16996479
A1,3,55,FALSE,0.006278038
A1,4,55,FALSE,0.020030975
A1,5,55,FALSE,0.011007071
A1,6,55,FALSE,0.266237974
A1,7,55,FALSE,0.026824951
A1,8,55,FALSE,0.208889008
A1,9,55,FALSE,0.037871122
A1,10,55,FALSE,0.007411003
A1,11,55,FALSE,0.006404877
A1,12,55,FALSE,0.053520918
A1,13,55,FALSE,0.094058037
A1,14,55,TRUE,0.192347765
A1,15,55,TRUE,0.196285963
A1,16,55,FALSE,0.142324924
A1,17,55,FALSE,0.004988909
A1,18,55,FALSE,0.008710146
A1,19,55,FALSE,0.036863089
A1,20,55,FALSE,0.037695885
A1,21,55,FALSE,0.10501194
A1,22,55,FALSE,0.077804804
A1,23,55,FALSE,0.019477844
A1,24,55,FALSE,0.00869894
A1,25,55,FALSE,0.021472692
A1,26,55,TRUE,0.199613094
A1,27,55,FALSE,0.012176037
A1,28,55,FALSE,0.043411255
A1,29,55,FALSE,0.080492973
A1,30,55,FALSE,0.00988698
A1,1,56,FALSE,0.069674015
A1,2,56,TRUE,0.219353199
A1,3,56,FALSE,0.147690058
A1,4,56,TRUE,0.177835941
A1,5,56,FALSE,0.045500994
A1,6,56,FALSE,0.06321311
A1,7,56,TRUE,0.231070995
A1,8,56,FALSE,0.098686934
A1,9,56,TRUE,0.203709841
A1,10,56,FALSE,0.033717871
A1,11,56,FALSE,0.226810932
A1,12,56,FALSE,0.012157917
A1,13,56,FALSE,0.090849161
A1,14,56,TRUE,0.181638002
A1,15,56,FALSE,0.018620968
A1,16,56,FALSE,0.096757174
A1,17,56,TRUE,0.173171997
A1,18,56,FALSE,0.056469917
A1,19,56,FALSE,0.010123014
A1,20,56,FALSE,0.065199852
A1,21,56,FALSE,0.039948702
A1,22,56,FALSE,0.153295994
A1,23,56,FALSE,0.032526016
A1,24,56,FALSE,0.155358076
A1,25,56,FALSE,0.023152113
A1,26,56,FALSE,0.011781216
A1,27,56,TRUE,0.403032064
A1,28,56,FALSE,0.184227228
A1,29,56,FALSE,0.098506927
A1,30,56,FALSE,0.043467999
A1,1,57,FALSE,0.079799175
A1,2,57,FALSE,0.054286003
A1,3,57,FALSE,0.022103786
A1,4,57,FALSE,0.011453152
A1,5,57,FALSE,0.016278028
A1,6,57,FALSE,0.004742861
A1,7,57,FALSE,0.046724796
A1,8,57,FALSE,0.010282993
A1,9,57,FALSE,0.034144163
A1,10,57,FALSE,0.021527052
A1,11,57,FALSE,0.09094882
A1,12,57,TRUE,0.324063063
A1,13,57,FALSE,0.046073914
A1,14,57,TRUE,0.251535892
A1,15,57,FALSE,0.00836587
A1,16,57,FALSE,0.072808027
A1,17,57,FALSE,0.062124014
A1,18,57,TRUE,0.18778491
A1,19,57,FALSE,0.025207043
A1,20,57,FALSE,0.024436951
A1,21,57,FALSE,0.174984932
A1,22,57,TRUE,0.200326204
A1,23,57,FALSE,0.026021004
A1,24,57,TRUE,0.177168846
A1,25,57,TRUE,0.184326887
A1,26,57,FALSE,0.042653084
A1,27,57,FALSE,0.012304783
A1,28,57,FALSE,0.019118071
A1,29,57,FALSE,0.059747934
A1,30,57,FALSE,0.013216019
A1,1,58,FALSE,0.184829235
A1,2,58,FALSE,0.080566883
A1,3,58,FALSE,0.025790215
A1,4,58,TRUE,0.215129852
A1,5,58,FALSE,0.064469099
A1,6,58,FALSE,0.076745033
A1,7,58,FALSE,0.007212162
A1,8,58,FALSE,0.058332205
A1,9,58,FALSE,0.032709122
A1,10,58,FALSE,0.02203989
A1,11,58,TRUE,0.197578907
A1,12,58,FALSE,0.013493061
A1,13,58,FALSE,0.086135864
A1,14,58,FALSE,0.049785137
A1,15,58,FALSE,0.071284056
A1,16,58,FALSE,0.078871965
A1,17,58,FALSE,0.172441006
A1,18,58,FALSE,0.038876057
A1,19,58,FALSE,0.016272306
A1,20,58,FALSE,0.017482281
A1,21,58,FALSE,0.164511204
A1,22,58,TRUE,0.177143097
A1,23,58,FALSE,0.033876896
A1,24,58,FALSE,0.089202881
A1,25,58,FALSE,0.105912924
A1,26,58,FALSE,0.101306915
A1,27,58,FALSE,0.005699158
A1,28,58,FALSE,0.024081945
A1,29,58,FALSE,0.055783033
A1,30,58,FALSE,0.206831217
A1,1,59,FALSE,0.048582792
A1,2,59,FALSE,0.154482126
A1,3,59,TRUE,0.195542097
A1,4,59,FALSE,0.051823139
A1,5,59,FALSE,0.021147966
A1,6,59,FALSE,0.030421972
A1,7,59,TRUE,0.180126905
A1,8,59,FALSE,0.027812719
A1,9,59,FALSE,0.154093981
A1,10,59,FALSE,0.008897066
A1,11,59,FALSE,0.011920929
A1,12,59,FALSE,0.023286104
A1,13,59,FALSE,0.029323101
A1,14,59,TRUE,0.239253998
A1,15,59,FALSE,0.010239124
A1,16,59,FALSE,0.026401997
A1,17,59,FALSE,0.018841267
A1,18,59,FALSE,0.105049133
A1,19,59,FALSE,0.015996933
A1,20,59,FALSE,0.016931772
A1,21,59,FALSE,0.024496078
A1,22,59,TRUE,0.183330059
A1,23,59,FALSE,0.02967906
A1,24,59,FALSE,0.013159275
A1,25,59,FALSE,0.079732895
A1,26,59,TRUE,0.187238932
A1,27,59,FALSE,0.06500411
A1,28,59,TRUE,0.415795803
A1,29,59,FALSE,0.030021906
A1,30,59,FALSE,0.072278023
A1,1,60,FALSE,0.065905094
A1,2,60,FALSE,0.007512093
A1,3,60,FALSE,0.02046895
A1,4,60,FALSE,0.170171022
A1,5,60,FALSE,0.00931716
A1,6,60,FALSE,0.018302917
A1,7,60,TRUE,0.23938489
A1,8,60,FALSE,0.092745781
A1,9,60,FALSE,0.104663134
A1,10,60,FALSE,0.007681131
A1,11,60,FALSE,0.027852058
A1,12,60,FALSE,0.165437222
A1,13,60,FALSE,0.011214972
A1,14,60,FALSE,0.06103301
A1,15,60,FALSE,0.089124918
A1,16,60,FALSE,0.016948938
A1,17,60,FALSE,0.060617924
A1,18,60,FALSE,0.03861618
A1,19,60,FALSE,0.026628017
A1,20,60,FALSE,0.080454111
A1,21,60,FALSE,0.023665905
A1,22,60,TRUE,0.243059874
A1,23,60,TRUE,0.233383179
A1,24,60,FALSE,0.066051722
A1,25,60,FALSE,0.017487764
A1,26,60,FALSE,0.008944988
A1,27,60,FALSE,0.191378832
A1,28,60,FALSE,0.362915039
A1,29,60,FALSE,0.009684086
A1,30,60,FALSE,0.022624016
A1,1,61,FALSE,0.035442829
A1,2,61,FALSE,0.052589178
A1,3,61,FALSE,0.071708202
A1,4,61,FALSE,0.046310902
A1,5,61,FALSE,0.108511925
A1,6,61,FALSE,0.084921122
A1,7,61,FALSE,0.032372952
A1,8,61,FALSE,0.16046381
A1,9,61,FALSE,0.019896746
A1,10,61,TRUE,0.198138237
A1,11,61,FALSE,0.019154787
A1,12,61,FALSE,0.029680967
A1,13,61,FALSE,0.012353182
A1,14,61,FALSE,0.018057108
A1,15,61,FALSE,0.035732269
A1,16,61,TRUE,0.205445766
A1,17,61,FALSE,0.062577009
A1,18,61,FALSE,0.096551895
A1,19,61,FALSE,0.008155823
A1,20,61,FALSE,0.090276003
A1,21,61,FALSE,0.021969795
A1,22,61,FALSE,0.046559095
A1,23,61,FALSE,0.07722497
A1,24,61,FALSE,0.017356873
A1,25,61,FALSE,0.021342039
A1,26,61,FALSE,0.023753881
A1,27,61,FALSE,0.006759882
A1,28,61,FALSE,0.038841963
A1,29,61,FALSE,0.007677078
A1,30,61,TRUE,0.181742668
A1,1,62,FALSE,0.099117994
A1,2,62,FALSE,0.080950975
A1,3,62,FALSE,0.012590885
A1,4,62,TRUE,0.197129965
A1,5,62,FALSE,0.020170689
A1,6,62,FALSE,0.01501298
A1,7,62,FALSE,0.040214062
A1,8,62,FALSE,0.069039106
A1,9,62,FALSE,0.031523943
A1,10,62,FALSE,0.032200336
A1,11,62,TRUE,0.398612022
A1,12,62,FALSE,0.016156912
A1,13,62,FALSE,0.171383619
A1,14,62,FALSE,0.014915228
A1,15,62,FALSE,0.037279844
A1,16,62,FALSE,0.015053272
A1,17,62,FALSE,0.029018879
A1,18,62,FALSE,0.072650909
A1,19,62,FALSE,0.06241703
A1,20,62,FALSE,0.006779194
A1,21,62,FALSE,0.04536438
A1,22,62,FALSE,0.146683931
A1,23,62,FALSE,0.157815933
A1,24,62,FALSE,0.209103107
A1,25,62,FALSE,0.018933058
A1,26,62,FALSE,0.032504797
A1,27,62,FALSE,0.029458046
A1,28,62,FALSE,0.01645422
A1,29,62,FALSE,0.304310799
A1,30,62,FALSE,0.077427864
A1,1,63,FALSE,0.01722908
A1,2,63,FALSE,0.101702213
A1,3,63,TRUE,0.32959199
A1,4,63,TRUE,0.243418932
A1,5,63,FALSE,0.013543129
A1,6,63,FALSE,0.01304698
A1,7,63,FALSE,0.006209135
A1,8,63,FALSE,0.184552908
A1,9,63,FALSE,0.015118837
A1,10,63,FALSE,0.093663931
A1,11,63,FALSE,0.033288002
A1,12,63,FALSE,0.019767046
A1,13,63,TRUE,0.204316139
A1,14,63,FALSE,0.009656191
A1,15,63,TRUE,0.183918953
A1,16,63,FALSE,0.062069178
A1,17,63,TRUE,0.195960283
A1,18,63,TRUE,0.207041025
A1,19,63,FALSE,0.026118755
A1,20,63,TRUE,0.212900162
A1,21,63,FALSE,0.175879002
A1,22,63,FALSE,0.038916111
A1,23,63,FALSE,0.013632059
A1,24,63,FALSE,0.060436964
A1,25,63,FALSE,0.016815186
A1,26,63,FALSE,0.04128623
A1,27,63,TRUE,0.18143177
A1,28,63,FALSE,0.042002201
A1,29,63,FALSE,0.139480114
A1,30,63,FALSE,0.018399954
A1,1,64,FALSE,0.088672876
A1,2,64,FALSE,0.049510002
A1,3,64,TRUE,0.192678928
A1,4,64,TRUE,0.189164162
A1,5,64,FALSE,0.049487114
A1,6,64,FALSE,0.026212931
A1,7,64,FALSE,0.159790754
A1,8,64,FALSE,0.006262064
A1,9,64,FALSE,0.129540205
A1,10,64,FALSE,0.050002098
A1,11,64,TRUE,0.243106842
A1,12,64,TRUE,0.186629057
A1,13,64,FALSE,0.067483187
A1,14,64,FALSE,0.011661053
A1,15,64,FALSE,0.067634106
A1,16,64,TRUE,0.198939085
A1,17,64,FALSE,0.005442142
A1,18,64,FALSE,0.072180033
A1,19,64,FALSE,0.077692032
A1,20,64,TRUE,0.316465855
A1,21,64,FALSE,0.04301095
A1,22,64,TRUE,0.181246996
A1,23,64,FALSE,0.063943386
A1,24,64,FALSE,0.032957792
A1,25,64,FALSE,0.037235975
A1,26,64,FALSE,0.01145196
A1,27,64,FALSE,0.072098017
A1,28,64,FALSE,0.069813013
A1,29,64,FALSE,0.018914938
A1,30,64,FALSE,0.024927378
A1,1,65,FALSE,0.017334938
A1,2,65,FALSE,0.021412134
A1,3,65,FALSE,0.006788969
A1,4,65,FALSE,0.015097141
A1,5,65,FALSE,0.099329233
A1,6,65,TRUE,0.203932047
A1,7,65,FALSE,0.008276939
A1,8,65,FALSE,0.176416159
A1,9,65,FALSE,0.16080308
A1,10,65,FALSE,0.016159296
A1,11,65,FALSE,0.169771194
A1,12,65,FALSE,0.010270834
A1,13,65,FALSE,0.149492979
A1,14,65,FALSE,0.041749954
A1,15,65,FALSE,0.028749943
A1,16,65,FALSE,0.134930849
A1,17,65,FALSE,0.027404785
A1,18,65,FALSE,0.053009033
A1,19,65,FALSE,0.035959959
A1,20,65,FALSE,0.011853695
A1,21,65,FALSE,0.049445868
A1,22,65,FALSE,0.09676218
A1,23,65,FALSE,0.026190042
A1,24,65,FALSE,0.023014784
A1,25,65,FALSE,0.136507034
A1,26,65,FALSE,0.159919262
A1,27,65,TRUE,0.277680159
A1,28,65,FALSE,0.144507885
A1,29,65,FALSE,0.087226152
A1,30,65,FALSE,0.080160141
A1,1,66,TRUE,0.253919125
A1,2,66,TRUE,0.300012112
A1,3,66,FALSE,0.032299042
A1,4,66,TRUE,0.200120687
A1,5,66,FALSE,0.137962103
A1,6,66,FALSE,0.053997993
A1,7,66,FALSE,0.066217899
A1,8,66,FALSE,0.024230003
A1,9,66,FALSE,0.200350046
A1,10,66,FALSE,0.067012072
A1,11,66,FALSE,0.026707888
A1,12,66,TRUE,0.283195734
A1,13,66,TRUE,0.188416958
A1,14,66,TRUE,0.680323839
A1,15,66,FALSE,0.085300207
A1,16,66,FALSE,0.045211077
A1,17,66,TRUE,0.255702972
A1,18,66,TRUE,0.271114111
A1,19,66,FALSE,0.297572136
A1,20,66,FALSE,0.087514162
A1,21,66,FALSE,0.03592205
A1,22,66,FALSE,0.176369905
A1,23,66,TRUE,0.205502033
A1,24,66,FALSE,0.005807877
A1,25,66,FALSE,0.010262012
A1,26,66,FALSE,0.016585827
A1,27,66,FALSE,0.009588957
A1,28,66,FALSE,0.035479069
A1,29,66,FALSE,0.020120859
A1,30,66,FALSE,0.005259991
A1,1,67,FALSE,0.050780773
A1,2,67,FALSE,0.005519152
A1,3,67,FALSE,0.011268854
A1,4,67,TRUE,0.28424716
A1,5,67,FALSE,0.024585962
A1,6,67,FALSE,0.136554956
A1,7,67,FALSE,0.012689829
A1,8,67,FALSE,0.009033918
A1,9,67,FALSE,0.091292143
A1,10,67,FALSE,0.202512026
A1,11,67,FALSE,0.172408819
A1,12,67,FALSE,0.016795158
A1,13,67,FALSE,0.118170977
A1,14,67,FALSE,0.054682732
A1,15,67,FALSE,0.065842867
A1,16,67,FALSE,0.052234173
A1,17,67,FALSE,0.0670259
A1,18,67,FALSE,0.041710138
A1,19,67,FALSE,0.08414793
A1,20,67,FALSE,0.021775246
A1,21,67,FALSE,0.147198915
A1,22,67,FALSE,0.093575954
A1,23,67,FALSE,0.097553015
A1,24,67,FALSE,0.027211905
A1,25,67,FALSE,0.013312101
A1,26,67,FALSE,0.058922052
A1,27,67,FALSE,0.103619099
A1,28,67,TRUE,0.29068923
A1,29,67,FALSE,0.088588953
A1,30,67,TRUE,0.214315176
A1,1,68,FALSE,0.031418085
A1,2,68,FALSE,0.035747766
A1,3,68,FALSE,0.174681187
A1,4,68,FALSE,0.127907038
A1,5,68,FALSE,0.008452177
A1,6,68,FALSE,0.031692743
A1,7,68,FALSE,0.143557072
A1,8,68,TRUE,0.192651987
A1,9,68,FALSE,0.040555954
A1,10,68,FALSE,0.044309855
A1,11,68,FALSE,0.028553963
A1,12,68,FALSE,0.033821821
A1,13,68,FALSE,0.193105936
A1,14,68,FALSE,0.034662247
A1,15,68,FALSE,0.033059835
A1,16,68,FALSE,0.026661158
A1,17,68,TRUE,0.221163034
A1,18,68,FALSE,0.06218791
A1,19,68,FALSE,0.021557093
A1,20,68,FALSE,0.195372105
A1,21,68,FALSE,0.012506008
A1,22,68,FALSE,0.041527987
A1,23,68,FALSE,0.04408288
A1,24,68,FALSE,0.159518957
A1,25,68,FALSE,0.069792986
A1,26,68,FALSE,0.026195765
A1,27,68,FALSE,0.176491022
A1,28,68,FALSE,0.025413036
A1,29,68,FALSE,0.080482244
A1,30,68,FALSE,0.023400307
A1,1,69,FALSE,0.097425938
A1,2,69,FALSE,0.048664093
A1,3,69,TRUE,0.204201937
A1,4,69,FALSE,0.025584698
A1,5,69,FALSE,0.021465063
A1,6,69,FALSE,0.010947943
A1,7,69,TRUE,0.191817999
A1,8,69,FALSE,0.031291008
A1,9,69,FALSE,0.014478922
A1,10,69,TRUE,0.297253132
A1,11,69,FALSE,0.028465986
A1,12,69,FALSE,0.014616251
A1,13,69,FALSE,0.009767056
A1,14,69,FALSE,0.171665907
A1,15,69,FALSE,0.153187037
A1,16,69,FALSE,0.010947943
A1,17,69,FALSE,0.062078953
A1,18,69,FALSE,0.037244081
A1,19,69,FALSE,0.019077778
A1,20,69,FALSE,0.076568842
A1,21,69,FALSE,0.04200387
A1,22,69,FALSE,0.101577044
A1,23,69,FALSE,0.058378935
A1,24,69,FALSE,0.018728971
A1,25,69,FALSE,0.053460121
A1,26,69,FALSE,0.017079115
A1,27,69,FALSE,0.470572233
A1,28,69,FALSE,0.317069054
A1,29,69,FALSE,0.014639139
A1,30,69,FALSE,0.066846132
A1,1,70,FALSE,0.010609865
A1,2,70,FALSE,0.05311799
A1,3,70,FALSE,0.14863801
A1,4,70,FALSE,0.029485941
A1,5,70,TRUE,0.254018068
A1,6,70,FALSE,0.047465086
A1,7,70,FALSE,0.052973986
A1,8,70,FALSE,0.117120981
A1,9,70,FALSE,0.060179949
A1,10,70,FALSE,0.034833908
A1,11,70,FALSE,0.016930103
A1,12,70,FALSE,0.149682283
A1,13,70,TRUE,0.252187967
A1,14,70,TRUE,0.241333008
A1,15,70,FALSE,0.014240026
A1,16,70,FALSE,0.139585972
A1,17,70,FALSE,0.024636984
A1,18,70,FALSE,0.036332846
A1,19,70,FALSE,0.161345005
A1,20,70,FALSE,0.050873041
A1,21,70,FALSE,0.052194834
A1,22,70,FALSE,0.09383297
A1,23,70,FALSE,0.0134027
A1,24,70,FALSE,0.017440081
A1,25,70,FALSE,0.182288885
A1,26,70,FALSE,0.014354944
A1,27,70,FALSE,0.085228205
A1,28,70,FALSE,0.046950102
A1,29,70,FALSE,0.009331942
A1,30,70,TRUE,0.185976028
A1,1,71,FALSE,0.044735909
A1,2,71,FALSE,0.027024031
A1,3,71,FALSE,0.030297041
A1,4,71,FALSE,0.300366163
A1,5,71,FALSE,0.076596022
A1,6,71,FALSE,0.172752857
A1,7,71,FALSE,0.02379179
A1,8,71,FALSE,0.042834997
A1,9,71,TRUE,0.293860197
A1,10,71,FALSE,0.033159018
A1,11,71,TRUE,0.193071842
A1,12,71,FALSE,0.012948036
A1,13,71,FALSE,0.027476788
A1,14,71,FALSE,0.039302111
A1,15,71,FALSE,0.135096073
A1,16,71,FALSE,0.023471117
A1,17,71,FALSE,0.255465984
A1,18,71,FALSE,0.058749914
A1,19,71,FALSE,0.033524036
A1,20,71,FALSE,0.018360138
A1,21,71,FALSE,0.016103029
A1,22,71,FALSE,0.017508745
A1,23,71,FALSE,0.076225996
A1,24,71,FALSE,0.016407013
A1,25,71,TRUE,0.269979954
A1,26,71,TRUE,0.221942902
A1,27,71,FALSE,0.022677898
A1,28,71,FALSE,0.018519163
A1,29,71,FALSE,0.070436954
A1,30,71,FALSE,0.094926834
A1,1,72,FALSE,0.181931019
A1,2,72,FALSE,0.032727242
A1,3,72,TRUE,0.287800789
A1,4,72,FALSE,0.017324209
A1,5,72,FALSE,0.026208639
A1,6,72,FALSE,0.024518013
A1,7,72,TRUE,0.214143038
A1,8,72,FALSE,0.062321901
A1,9,72,FALSE,0.019198895
A1,10,72,FALSE,0.049819946
A1,11,72,FALSE,0.078444958
A1,12,72,FALSE,0.161324978
A1,13,72,FALSE,0.035472155
A1,14,72,FALSE,0.015405893
A1,15,72,FALSE,0.066634893
A1,16,72,FALSE,0.084697008
A1,17,72,FALSE,0.132858038
A1,18,72,FALSE,0.027038336
A1,19,72,TRUE,0.314255953
A1,20,72,FALSE,0.032905102
A1,21,72,FALSE,0.020799875
A1,22,72,FALSE,0.199751854
A1,23,72,FALSE,0.035902023
A1,24,72,FALSE,0.147299767
A1,25,72,FALSE,0.083703995
A1,26,72,FALSE,0.191544056
A1,27,72,FALSE,0.013364077
A1,28,72,FALSE,0.040439844
A1,29,72,FALSE,0.081187963
A1,30,72,FALSE,0.084993124
A1,1,73,FALSE,0.009392023
A1,2,73,FALSE,0.047261953
A1,3,73,FALSE,0.033499956
A1,4,73,FALSE,0.160710812
A1,5,73,FALSE,0.022111177
A1,6,73,TRUE,1.405109882
A1,7,73,FALSE,0.020619869
A1,8,73,FALSE,0.175635815
A1,9,73,FALSE,0.095947981
A1,10,73,FALSE,0.008849144
A1,11,73,FALSE,0.013024092
A1,12,73,TRUE,0.313033104
A1,13,73,FALSE,0.032102823
A1,14,73,FALSE,0.016266108
A1,15,73,FALSE,0.14329505
A1,16,73,FALSE,0.010704994
A1,17,73,FALSE,0.292124987
A1,18,73,FALSE,0.035680771
A1,19,73,FALSE,0.040010929
A1,20,73,FALSE,0.02449584
A1,21,73,TRUE,0.245368719
A1,22,73,FALSE,0.069781065
A1,23,73,FALSE,0.107462168
A1,24,73,FALSE,0.008368015
A1,25,73,FALSE,0.028295755
A1,26,73,FALSE,0.019020081
A1,27,73,FALSE,0.016419888
A1,28,73,FALSE,0.116270065
A1,29,73,FALSE,0.089864969
A1,30,73,FALSE,0.087482929
A1,1,74,FALSE,0.034760952
A1,2,74,FALSE,0.026437044
A1,3,74,TRUE,0.226430178
A1,4,74,FALSE,0.049816847
A1,5,74,FALSE,0.004827023
A1,6,74,FALSE,0.007398844
A1,7,74,FALSE,0.017351866
A1,8,74,FALSE,0.020452023
A1,9,74,FALSE,0.084213018
A1,10,74,FALSE,0.011641979
A1,11,74,FALSE,0.072468996
A1,12,74,FALSE,0.041994095
A1,13,74,FALSE,0.073567152
A1,14,74,FALSE,0.009383917
A1,15,74,FALSE,0.050534725
A1,16,74,FALSE,0.243742943
A1,17,74,FALSE,0.054628134
A1,18,74,FALSE,0.021097183
A1,19,74,FALSE,0.139225245
A1,20,74,FALSE,0.144989014
A1,21,74,TRUE,0.23952508
A1,22,74,FALSE,0.246667862
A1,23,74,FALSE,0.04906702
A1,24,74,TRUE,0.319152117
A1,25,74,FALSE,0.027907848
A1,26,74,FALSE,0.022010088
A1,27,74,FALSE,0.120262146
A1,28,74,FALSE,0.060996771
A1,29,74,FALSE,0.083842754
A1,30,74,FALSE,0.19888401
A1,1,75,FALSE,0.039326906
A1,2,75,FALSE,0.192759752
A1,3,75,FALSE,0.045665979
A1,4,75,FALSE,0.017488241
A1,5,75,FALSE,0.02405405
A1,6,75,FALSE,0.356995106
A1,7,75,FALSE,0.055830956
A1,8,75,FALSE,0.062108755
A1,9,75,TRUE,0.216636181
A1,10,75,FALSE,0.038498163
A1,11,75,FALSE,0.061499834
A1,12,75,FALSE,0.015562057
A1,13,75,FALSE,0.041509151
A1,14,75,FALSE,0.006739855
A1,15,75,FALSE,0.147396088
A1,16,75,FALSE,0.009393215
A1,17,75,FALSE,0.028877974
A1,18,75,FALSE,0.008420944
A1,19,75,FALSE,0.079033852
A1,20,75,FALSE,0.088041067
A1,21,75,FALSE,0.076346874
A1,22,75,FALSE,0.027144909
A1,23,75,FALSE,0.069728851
A1,24,75,FALSE,0.169534922
A1,25,75,FALSE,0.037606716
A1,26,75,FALSE,0.018908978
A1,27,75,TRUE,0.218148947
A1,28,75,FALSE,0.07500124
A1,29,75,FALSE,0.021831989
A1,30,75,FALSE,0.071087122
A1,1,76,FALSE,0.03096199
A1,2,76,FALSE,0.070375919
A1,3,76,FALSE,0.074357986
A1,4,76,TRUE,0.231333256
A1,5,76,FALSE,0.023584127
A1,6,76,FALSE,0.080811977
A1,7,76,FALSE,0.030292034
A1,8,76,FALSE,0.066619873
A1,9,76,FALSE,0.029930353
A1,10,76,FALSE,0.045446873
A1,11,76,FALSE,0.036360979
A1,12,76,FALSE,0.141316652
A1,13,76,FALSE,0.01650095
A1,14,76,FALSE,0.016798019
A1,15,76,FALSE,0.193284988
A1,16,76,TRUE,0.207093
A1,17,76,FALSE,0.009062052
A1,18,76,FALSE,0.070953131
A1,19,76,FALSE,0.099141121
A1,20,76,FALSE,0.032459021
A1,21,76,FALSE,0.010537863
A1,22,76,FALSE,0.205783129
A1,23,76,FALSE,0.01728797
A1,24,76,FALSE,0.061039209
A1,25,76,FALSE,0.005935907
A1,26,76,FALSE,0.013096809
A1,27,76,FALSE,0.15208292
A1,28,76,FALSE,0.020210743
A1,29,76,FALSE,0.034006119
A1,30,76,FALSE,0.007867813
A1,1,77,FALSE,0.069470882
A1,2,77,FALSE,0.085999012
A1,3,77,FALSE,0.015408039
A1,4,77,FALSE,0.024050951
A1,5,77,FALSE,0.062268019
A1,6,77,FALSE,0.037034988
A1,7,77,FALSE,0.032881021
A1,8,77,FALSE,0.043678761
A1,9,77,FALSE,0.186861038
A1,10,77,FALSE,0.009076834
A1,11,77,FALSE,0.063153982
A1,12,77,FALSE,0.009612083
A1,13,77,FALSE,0.017704248
A1,14,77,FALSE,0.021747112
A1,15,77,FALSE,0.168570757
A1,16,77,FALSE,0.18397522
A1,17,77,FALSE,0.020157337
A1,18,77,FALSE,0.190225124
A1,19,77,FALSE,0.062993288
A1,20,77,FALSE,0.162196875
A1,21,77,FALSE,0.039186954
A1,22,77,FALSE,0.159159184
A1,23,77,FALSE,0.021291018
A1,24,77,FALSE,0.250716209
A1,25,77,FALSE,0.009310007
A1,26,77,FALSE,0.027769804
A1,27,77,FALSE,0.058853865
A1,28,77,FALSE,0.440056086
A1,29,77,FALSE,0.092823029
A1,30,77,FALSE,0.062131166
A1,1,78,FALSE,0.035874605
A1,2,78,FALSE,0.013932943
A1,3,78,FALSE,0.334808826
A1,4,78,FALSE,0.022611141
A1,5,78,FALSE,0.15610981
A1,6,78,FALSE,0.025490999
A1,7,78,FALSE,0.07146287
A1,8,78,FALSE,0.178988934
A1,9,78,FALSE,0.057221889
A1,10,78,FALSE,0.016834736
A1,11,78,FALSE,0.016161203
A1,12,78,FALSE,0.009579897
A1,13,78,FALSE,0.104342937
A1,14,78,FALSE,0.032874107
A1,15,78,FALSE,0.026554108
A1,16,78,FALSE,0.062302113
A1,17,78,FALSE,0.057703972
A1,18,78,FALSE,0.064585924
A1,19,78,FALSE,0.07020092
A1,20,78,FALSE,0.029299974
A1,21,78,FALSE,0.275926828
A1,22,78,TRUE,0.552353144
A1,23,78,FALSE,0.027291298
A1,24,78,FALSE,0.072142839
A1,25,78,FALSE,0.035566807
A1,26,78,TRUE,0.27807188
A1,27,78,FALSE,0.013420105
A1,28,78,FALSE,0.070735216
A1,29,78,FALSE,0.026967049
A1,30,78,FALSE,0.170375824
A1,1,79,FALSE,0.01038599
A1,2,79,FALSE,0.177973747
A1,3,79,FALSE,0.035688877
A1,4,79,FALSE,0.201714993
A1,5,79,FALSE,0.035648108
A1,6,79,FALSE,0.01178503
A1,7,79,FALSE,0.040273905
A1,8,79,FALSE,0.054195881
A1,9,79,FALSE,0.010370016
A1,10,79,TRUE,0.24019289
A1,11,79,FALSE,0.033228874
A1,12,79,FALSE,0.014914036
A1,13,79,FALSE,0.009111643
A1,14,79,FALSE,0.008388281
A1,15,79,FALSE,0.015093088
A1,16,79,FALSE,0.046687841
A1,17,79,FALSE,0.048871279
A1,18,79,FALSE,0.044456005
A1,19,79,FALSE,0.170890093
A1,20,79,FALSE,0.212677002
A1,21,79,FALSE,0.141790152
A1,22,79,FALSE,0.046577692
A1,23,79,FALSE,0.018126011
A1,24,79,FALSE,0.224274158
A1,25,79,FALSE,0.053785086
A1,26,79,FALSE,0.031266212
A1,27,79,FALSE,0.026870012
A1,28,79,FALSE,0.034429789
A1,29,79,FALSE,0.120106936
A1,30,79,FALSE,0.043170929
A1,1,80,FALSE,0.005941153
A1,2,80,FALSE,0.035558224
A1,3,80,FALSE,0.050829887
A1,4,80,FALSE,0.134231806
A1,5,80,FALSE,0.090651035
A1,6,80,FALSE,0.025145054
A1,7,80,FALSE,0.007684946
A1,8,80,TRUE,0.290904045
A1,9,80,FALSE,0.030977964
A1,10,80,FALSE,0.284718037
A1,11,80,FALSE,0.163130045
A1,12,80,FALSE,0.170742035
A1,13,80,FALSE,0.013306856
A1,14,80,FALSE,0.073652983
A1,15,80,FALSE,0.053133249
A1,16,80,TRUE,0.30121994
A1,17,80,FALSE,0.076445103
A1,18,80,FALSE,0.064043045
A1,19,80,TRUE,0.226128817
A1,20,80,FALSE,0.102674961
A1,21,80,FALSE,0.078217983
A1,22,80,FALSE,0.044765949
A1,23,80,TRUE,0.3203969
A1,24,80,FALSE,0.04197979
A1,25,80,FALSE,0.016168356
A1,26,80,FALSE,0.32235074
A1,27,80,FALSE,0.006939173
A1,28,80,FALSE,0.014580011
A1,29,80,FALSE,0.088927984
A1,30,80,FALSE,0.073006868
A1,1,81,FALSE,0.257199049
A1,2,81,TRUE,0.262999773
A1,3,81,FALSE,0.009102106
A1,4,81,FALSE,0.056754827
A1,5,81,FALSE,0.015710115
A1,6,81,FALSE,0.161869049
A1,7,81,FALSE,0.090842009
A1,8,81,FALSE,0.012096167
A1,9,81,FALSE,0.058821917
A1,10,81,FALSE,0.04182601
A1,11,81,FALSE,0.019467831
A1,12,81,FALSE,0.095032692
A1,13,81,FALSE,0.20635128
A1,14,81,FALSE,0.055923939
A1,15,81,FALSE,0.149015188
A1,16,81,TRUE,0.224704027
A1,17,81,FALSE,0.028914928
A1,18,81,FALSE,0.013779879
A1,19,81,FALSE,0.148718119
A1,20,81,FALSE,0.034910202
A1,21,81,FALSE,0.027069092
A1,22,81,FALSE,0.017626047
A1,23,81,FALSE,0.022524834
A1,24,81,FALSE,0.03262496
A1,25,81,FALSE,0.20153594
A1,26,81,FALSE,0.075675249
A1,27,81,TRUE,0.29659915
A1,28,81,FALSE,0.150938034
A1,29,81,FALSE,0.178566217
A1,30,81,FALSE,0.278759003
A1,1,82,FALSE,0.023045063
A1,2,82,FALSE,0.157613993
A1,3,82,FALSE,0.20382309
A1,4,82,TRUE,0.284266949
A1,5,82,FALSE,0.084064007
A1,6,82,FALSE,0.173989773
A1,7,82,FALSE,0.187767029
A1,8,82,FALSE,0.014101028
A1,9,82,FALSE,0.007853746
A1,10,82,FALSE,0.013381243
A1,11,82,FALSE,0.142779827
A1,12,82,FALSE,0.279515743
A1,13,82,FALSE,0.00585413
A1,14,82,FALSE,0.019049883
A1,15,82,FALSE,0.056021929
A1,16,82,FALSE,0.01244998
A1,17,82,TRUE,0.397885323
A1,18,82,FALSE,0.023424864
A1,19,82,FALSE,0.145694017
A1,20,82,FALSE,0.219363928
A1,21,82,FALSE,0.044513702
A1,22,82,FALSE,0.188807011
A1,23,82,FALSE,0.027154207
A1,24,82,FALSE,0.016309977
A1,25,82,FALSE,0.038177013
A1,26,82,FALSE,0.143926144
A1,27,82,FALSE,0.017235041
A1,28,82,FALSE,0.04202795
A1,29,82,FALSE,0.051849127
A1,30,82,FALSE,0.024870872
A1,1,83,FALSE,0.083022833
A1,2,83,FALSE,0.065448761
A1,3,83,FALSE,0.202250957
A1,4,83,FALSE,0.024948835
A1,5,83,FALSE,0.035405874
A1,6,83,FALSE,0.365084887
A1,7,83,FALSE,0.023213148
A1,8,83,FALSE,0.083870173
A1,9,83,FALSE,0.02417779
A1,10,83,FALSE,0.025058031
A1,11,83,TRUE,0.305706978
A1,12,83,FALSE,0.058236837
A1,13,83,FALSE,0.007393837
A1,14,83,FALSE,0.067636967
A1,15,83,FALSE,0.201424122
A1,16,83,FALSE,0.026473999
A1,17,83,FALSE,0.141755819
A1,18,83,TRUE,0.240491152
A1,19,83,FALSE,0.016806126
A1,20,83,FALSE,0.201001883
A1,21,83,FALSE,0.029716015
A1,22,83,FALSE,0.310668945
A1,23,83,TRUE,0.212646961
A1,24,83,FALSE,0.039857864
A1,25,83,FALSE,0.137487173
A1,26,83,FALSE,0.017678976
A1,27,83,FALSE,0.055222034
A1,28,83,FALSE,0.015345335
A1,29,83,FALSE,0.010859013
A1,30,83,FALSE,0.076434851
A1,1,84,FALSE,0.085834026
A1,2,84,TRUE,0.286375999
A1,3,84,FALSE,0.017920017
A1,4,84,FALSE,0.189096928
A1,5,84,FALSE,0.140449047
A1,6,84,FALSE,0.12080884
A1,7,84,FALSE,0.102483034
A1,8,84,FALSE,0.012057066
A1,9,84,FALSE,0.008027077
A1,10,84,TRUE,0.278717041
A1,11,84,FALSE,0.013158321
A1,12,84,FALSE,0.010421991
A1,13,84,FALSE,0.147130013
A1,14,84,FALSE,0.219551086
A1,15,84,TRUE,0.268762827
A1,16,84,FALSE,0.033362865
A1,17,84,FALSE,0.319070816
A1,18,84,FALSE,0.338757038
A1,19,84,FALSE,0.004770041
A1,20,84,FALSE,0.065140963
A1,21,84,FALSE,0.007419109
A1,22,84,FALSE,0.131938934
A1,23,84,FALSE,0.067459106
A1,24,84,FALSE,0.019022226
A1,25,84,FALSE,0.216167212
A1,26,84,FALSE,0.145147085
A1,27,84,FALSE,0.055824995
A1,28,84,FALSE,0.168730736
A1,29,84,FALSE,0.012398005
A1,30,84,FALSE,0.2225492
A1,1,85,FALSE,0.010015965
A1,2,85,FALSE,0.063346863
A1,3,85,FALSE,0.04215312
A1,4,85,FALSE,0.051240206
A1,5,85,FALSE,0.035042048
A1,6,85,FALSE,0.041855097
A1,7,85,FALSE,0.011496782
A1,8,85,FALSE,0.013975859
A1,9,85,FALSE,0.025008917
A1,10,85,FALSE,0.02268815
A1,11,85,FALSE,0.021158695
A1,12,85,FALSE,0.020735025
A1,13,85,FALSE,0.0309093
A1,14,85,FALSE,0.010800123
A1,15,85,FALSE,0.204451084
A1,16,85,FALSE,0.016426802
A1,17,85,FALSE,0.182102203
A1,18,85,FALSE,0.245548964
A1,19,85,FALSE,0.025407076
A1,20,85,TRUE,0.249144793
A1,21,85,FALSE,0.021656036
A1,22,85,FALSE,0.040688038
A1,23,85,FALSE,0.015280962
A1,24,85,FALSE,0.032922745
A1,25,85,FALSE,0.031227827
A1,26,85,TRUE,0.300884008
A1,27,85,FALSE,0.136208773
A1,28,85,FALSE,0.033905029
A1,29,85,FALSE,0.006768942
A1,30,85,FALSE,0.024059057
A1,1,86,FALSE,0.100732803
A1,2,86,FALSE,0.007430077
A1,3,86,FALSE,0.032915115
A1,4,86,FALSE,0.090416193
A1,5,86,FALSE,0.075566292
A1,6,86,FALSE,0.061048746
A1,7,86,FALSE,0.014345884
A1,8,86,FALSE,0.05163002
A1,9,86,FALSE,0.032417059
A1,10,86,FALSE,0.037037134
A1,11,86,FALSE,0.014426231
A1,12,86,FALSE,0.009958982
A1,13,86,TRUE,0.303706169
A1,14,86,FALSE,0.048190117
A1,15,86,FALSE,0.007392168
A1,16,86,FALSE,0.024226665
A1,17,86,FALSE,0.02034688
A1,18,86,FALSE,0.094860077
A1,19,86,FALSE,0.01783967
A1,20,86,FALSE,0.071328163
A1,21,86,FALSE,0.148060083
A1,22,86,FALSE,0.076965809
A1,23,86,FALSE,0.195085049
A1,24,86,FALSE,0.082371712
A1,25,86,FALSE,0.16680932
A1,26,86,FALSE,0.024861813
A1,27,86,FALSE,0.01018405
A1,28,86,FALSE,0.157267332
A1,29,86,FALSE,0.027255058
A1,30,86,FALSE,0.156383991
A1,1,87,FALSE,0.057578325
A1,2,87,FALSE,0.177386999
A1,3,87,FALSE,0.151137114
A1,4,87,FALSE,0.03194809
A1,5,87,FALSE,0.162461758
A1,6,87,FALSE,0.03383112
A1,7,87,FALSE,0.004985809
A1,8,87,FALSE,0.025722742
A1,9,87,FALSE,0.232635975
A1,10,87,FALSE,0.057335138
A1,11,87,FALSE,0.039787054
A1,12,87,FALSE,0.222832203
A1,13,87,FALSE,0.033230782
A1,14,87,FALSE,0.188691854
A1,15,87,FALSE,0.014963865
A1,16,87,FALSE,0.076242924
A1,17,87,FALSE,0.021125793
A1,18,87,FALSE,0.177910805
A1,19,87,FALSE,0.073843956
A1,20,87,FALSE,0.012732267
A1,21,87,FALSE,0.032935143
A1,22,87,FALSE,0.007459164
A1,23,87,FALSE,0.029097795
A1,24,87,FALSE,0.051098824
A1,25,87,FALSE,0.247853994
A1,26,87,FALSE,0.165025949
A1,27,87,FALSE,0.091824293
A1,28,87,FALSE,0.222174168
A1,29,87,FALSE,0.036286116
A1,30,87,FALSE,0.207429886
A1,1,88,FALSE,0.088570118
A1,2,88,FALSE,0.071956873
A1,3,88,FALSE,0.055934191
A1,4,88,FALSE,0.005935907
A1,5,88,FALSE,0.026033163
A1,6,88,FALSE,0.272807837
A1,7,88,FALSE,0.197819948
A1,8,88,FALSE,0.037819862
A1,9,88,FALSE,0.007610083
A1,10,88,FALSE,0.011973858
A1,11,88,FALSE,0.268959999
A1,12,88,FALSE,0.075721979
A1,13,88,FALSE,0.069895267
A1,14,88,FALSE,0.047131062
A1,15,88,FALSE,0.198405027
A1,16,88,TRUE,0.301613092
A1,17,88,FALSE,0.186594248
A1,18,88,FALSE,0.011455059
A1,19,88,FALSE,0.019834757
A1,20,88,FALSE,0.147105932
A1,21,88,FALSE,0.020650148
A1,22,88,FALSE,0.027508974
A1,23,88,FALSE,0.033095837
A1,24,88,FALSE,0.009007215
A1,25,88,FALSE,0.072654724
A1,26,88,FALSE,0.035389185
A1,27,88,FALSE,0.217837811
A1,28,88,FALSE,0.022498131
A1,29,88,FALSE,0.154428244
A1,30,88,FALSE,0.207359076
A1,1,89,FALSE,0.050734043
A1,2,89,FALSE,0.029704094
A1,3,89,FALSE,0.005212069
A1,4,89,FALSE,0.02301693
A1,5,89,FALSE,0.012060881
A1,6,89,FALSE,0.156964064
A1,7,89,FALSE,0.036632061
A1,8,89,FALSE,0.04678297
A1,9,89,FALSE,0.022401094
A1,10,89,FALSE,0.021434069
A1,11,89,FALSE,0.009895325
A1,12,89,FALSE,0.240880013
A1,13,89,FALSE,0.19427681
A1,14,89,FALSE,0.028317928
A1,15,89,FALSE,0.016386986
A1,16,89,FALSE,0.059001207
A1,17,89,FALSE,0.15124917
A1,18,89,FALSE,0.009917974
A1,19,89,FALSE,0.141115904
A1,20,89,TRUE,0.274005175
A1,21,89,FALSE,0.221039772
A1,22,89,FALSE,0.169665098
A1,23,89,FALSE,0.056576014
A1,24,89,FALSE,0.012254
A1,25,89,FALSE,0.17446804
A1,26,89,FALSE,0.046764851
A1,27,89,FALSE,0.020030022
A1,28,89,FALSE,0.00683713
A1,29,89,FALSE,0.01503396
A1,30,89,FALSE,0.097270012
A1,1,90,FALSE,0.039837122
A1,2,90,FALSE,0.088713884
A1,3,90,FALSE,0.016773939
A1,4,90,TRUE,0.367297888
A1,5,90,FALSE,0.150523901
A1,6,90,FALSE,0.067348957
A1,7,90,TRUE,0.318053722
A1,8,90,FALSE,0.066512823
A1,9,90,FALSE,0.167615891
A1,10,90,FALSE,0.025902033
A1,11,90,FALSE,0.112241268
A1,12,90,FALSE,0.012303829
A1,13,90,FALSE,0.013622999
A1,14,90,FALSE,0.012744904
A1,15,90,FALSE,0.073982954
A1,16,90,FALSE,0.029876947
A1,17,90,FALSE,0.160809994
A1,18,90,FALSE,0.12621212
A1,19,90,FALSE,0.089318991
A1,20,90,FALSE,0.035219908
A1,21,90,FALSE,0.039279222
A1,22,90,FALSE,0.048215866
A1,23,90,FALSE,0.070614815
A1,24,90,FALSE,0.012873888
A1,25,90,FALSE,0.337589025
A1,26,90,FALSE,0.034684896
A1,27,90,TRUE,0.361284971
A1,28,90,FALSE,0.03730011
A1,29,90,FALSE,0.008255959
A1,30,90,FALSE,0.071726084
A1,1,91,FALSE,0.028631926
A1,2,91,FALSE,0.017347097
A1,3,91,FALSE,0.164056063
A1,4,91,FALSE,0.065076828
A1,5,91,FALSE,0.022700071
A1,6,91,FALSE,0.17419982
A1,7,91,FALSE,0.067647934
A1,8,91,FALSE,0.158003807
A1,9,91,FALSE,0.028367758
A1,10,91,FALSE,0.280371904
A1,11,91,FALSE,0.008489847
A1,12,91,FALSE,0.010035753
A1,13,91,FALSE,0.054393053
A1,14,91,FALSE,0.16974473
A1,15,91,FALSE,0.019473076
A1,16,91,FALSE,0.270617008
A1,17,91,FALSE,0.046969175
A1,18,91,FALSE,0.162526846
A1,19,91,FALSE,0.144525051
A1,20,91,FALSE,0.064687014
A1,21,91,FALSE,0.035358906
A1,22,91,FALSE,0.073723078
A1,23,91,FALSE,0.110874176
A1,24,91,FALSE,0.028151035
A1,25,91,FALSE,0.199914217
A1,26,91,FALSE,0.023571968
A1,27,91,FALSE,0.084066153
A1,28,91,FALSE,0.010262012
A1,29,91,FALSE,0.069310904
A1,30,91,FALSE,0.006093025
A1,1,92,FALSE,0.019678831
A1,2,92,FALSE,0.013581038
A1,3,92,FALSE,0.029047012
A1,4,92,FALSE,0.019612789
A1,5,92,FALSE,0.077268362
A1,6,92,FALSE,0.012650967
A1,7,92,FALSE,0.042498112
A1,8,92,FALSE,0.147337914
A1,9,92,FALSE,0.218035936
A1,10,92,FALSE,0.055778027
A1,11,92,FALSE,0.199029922
A1,12,92,FALSE,0.068104982
A1,13,92,FALSE,0.1770432
A1,14,92,FALSE,0.017506123
A1,15,92,TRUE,0.440400839
A1,16,92,FALSE,0.005301952
A1,17,92,TRUE,0.425939798
A1,18,92,FALSE,0.010729074
A1,19,92,FALSE,0.05436182
A1,20,92,FALSE,0.218273163
A1,21,92,FALSE,0.262704849
A1,22,92,FALSE,0.080260992
A1,23,92,FALSE,0.022505999
A1,24,92,FALSE,0.020760059
A1,25,92,FALSE,0.125899076
A1,26,92,FALSE,0.010190964
A1,27,92,FALSE,0.208381176
A1,28,92,FALSE,0.059528112
A1,29,92,FALSE,0.008740902
A1,30,92,FALSE,0.010413885
A1,1,93,FALSE,0.204204798
A1,2,93,FALSE,0.048559189
A1,3,93,FALSE,0.20987606
A1,4,93,FALSE,0.074957132
A1,5,93,FALSE,0.018087149
A1,6,93,FALSE,0.182175159
A1,7,93,FALSE,0.050737858
A1,8,93,FALSE,0.052718878
A1,9,93,FALSE,0.111253977
A1,10,93,FALSE,0.186904669
A1,11,93,TRUE,0.325080156
A1,12,93,FALSE,0.172577143
A1,13,93,FALSE,0.009426832
A1,14,93,FALSE,0.017177105
A1,15,93,FALSE,0.037945032
A1,16,93,FALSE,0.254083872
A1,17,93,FALSE,0.02705574
A1,18,93,FALSE,0.301676035
A1,19,93,FALSE,0.223134041
A1,20,93,FALSE,0.030759335
A1,21,93,TRUE,0.254119158
A1,22,93,FALSE,0.029531002
A1,23,93,TRUE,0.417477846
A1,24,93,FALSE,0.016897202
A1,25,93,TRUE,0.34993577
A1,26,93,FALSE,0.194898844
A1,27,93,FALSE,0.004524946
A1,28,93,FALSE,0.093801975
A1,29,93,FALSE,0.144398928
A1,30,93,FALSE,0.182739973
A1,1,94,FALSE,0.014031887
A1,2,94,FALSE,0.011789083
A1,3,94,FALSE,0.144495964
A1,4,94,FALSE,0.011072159
A1,5,94,FALSE,0.005525827
A1,6,94,FALSE,0.038933039
A1,7,94,FALSE,0.019000769
A1,8,94,FALSE,0.20765996
A1,9,94,FALSE,0.207276821
A1,10,94,FALSE,0.015067816
A1,11,94,FALSE,0.025969028
A1,12,94,FALSE,0.190388918
A1,13,94,FALSE,0.202194929
A1,14,94,FALSE,0.138260126
A1,15,94,FALSE,0.066685915
A1,16,94,FALSE,0.03209281
A1,17,94,FALSE,0.014720917
A1,18,94,TRUE,0.307193756
A1,19,94,FALSE,0.018930912
A1,20,94,FALSE,0.075860977
A1,21,94,FALSE,0.195293903
A1,22,94,FALSE,0.006134033
A1,23,94,FALSE,0.00967288
A1,24,94,FALSE,0.01997304
A1,25,94,FALSE,0.016023159
A1,26,94,FALSE,0.141381025
A1,27,94,FALSE,0.094898939
A1,28,94,FALSE,0.048657894
A1,29,94,FALSE,0.091951132
A1,30,94,FALSE,0.185852766
A1,1,95,FALSE,0.012521267
A1,2,95,FALSE,0.010926962
A1,3,95,FALSE,0.148542166
A1,4,95,FALSE,0.023013115
A1,5,95,FALSE,0.246228933
A1,6,95,FALSE,0.045294285
A1,7,95,FALSE,0.011353016
A1,8,95,FALSE,0.020256996
A1,9,95,FALSE,0.076332092
A1,10,95,FALSE,0.242923975
A1,11,95,FALSE,0.046809196
A1,12,95,FALSE,0.127863884
A1,13,95,FALSE,0.105263948
A1,14,95,FALSE,0.014222145
A1,15,95,TRUE,0.480410099
A1,16,95,FALSE,0.062647104
A1,17,95,FALSE,0.206264734
A1,18,95,FALSE,0.026694059
A1,19,95,FALSE,0.010746241
A1,20,95,FALSE,0.01652503
A1,21,95,FALSE,0.213910103
A1,22,95,FALSE,0.007522106
A1,23,95,FALSE,0.055514097
A1,24,95,FALSE,0.065953016
A1,25,95,FALSE,0.005252123
A1,26,95,FALSE,0.028484106
A1,27,95,FALSE,0.005241156
A1,28,95,FALSE,0.150996923
A1,29,95,FALSE,0.014108896
A1,30,95,FALSE,0.042121887
A1,1,96,FALSE,0.032124996
A1,2,96,FALSE,0.092350006
A1,3,96,FALSE,0.206542015
A1,4,96,FALSE,0.257068872
A1,5,96,FALSE,0.013240814
A1,6,96,FALSE,0.006760836
A1,7,96,FALSE,0.007539034
A1,8,96,FALSE,0.163707972
A1,9,96,FALSE,0.219172955
A1,10,96,FALSE,0.033452988
A1,11,96,FALSE,0.029653072
A1,12,96,FALSE,0.532892942
A1,13,96,FALSE,0.16192174
A1,14,96,FALSE,0.076036692
A1,15,96,FALSE,0.019981861
A1,16,96,TRUE,0.343325853
A1,17,96,TRUE,0.447358131
A1,18,96,FALSE,0.132466316
A1,19,96,FALSE,0.033885956
A1,20,96,FALSE,0.005718708
A1,21,96,FALSE,0.03612113
A1,22,96,FALSE,0.019770861
A1,23,96,FALSE,0.069463968
A1,24,96,FALSE,0.0240798
A1,25,96,FALSE,0.150374174
A1,26,96,FALSE,0.034570932
A1,27,96,FALSE,0.01378417
A1,28,96,FALSE,0.072287798
A1,29,96,FALSE,0.03132391
A1,30,96,FALSE,0.034414053
A1,1,97,FALSE,0.00774622
A1,2,97,FALSE,0.095935345
A1,3,97,FALSE,0.008247137
A1,4,97,FALSE,0.022961855
A1,5,97,FALSE,0.016655684
A1,6,97,FALSE,0.327018976
A1,7,97,FALSE,0.064746141
A1,8,97,FALSE,0.020949841
A1,9,97,FALSE,0.010548115
A1,10,97,FALSE,0.062036037
A1,11,97,FALSE,0.172745943
A1,12,97,FALSE,0.035870314
A1,13,97,FALSE,0.128568172
A1,14,97,FALSE,0.217541933
A1,15,97,FALSE,0.006678104
A1,16,97,FALSE,0.141556978
A1,17,97,FALSE,0.028983116
A1,18,97,FALSE,0.452861786
A1,19,97,FALSE,0.008804083
A1,20,97,FALSE,0.006150007
A1,21,97,FALSE,0.087081909
A1,22,97,FALSE,0.127678871
A1,23,97,FALSE,0.151572943
A1,24,97,FALSE,0.181955099
A1,25,97,FALSE,0.170820236
A1,26,97,FALSE,0.182317019
A1,27,97,FALSE,0.050532103
A1,28,97,FALSE,0.023757935
A1,29,97,FALSE,0.022046089
A1,30,97,FALSE,0.072342157
A1,1,98,FALSE,0.041083336
A1,2,98,FALSE,0.03751874
A1,3,98,FALSE,0.019859076
A1,4,98,FALSE,0.017843962
A1,5,98,FALSE,0.072834969
A1,6,98,FALSE,0.117596865
A1,7,98,FALSE,0.054185152
A1,8,98,FALSE,0.022265911
A1,9,98,FALSE,0.194118023
A1,10,98,FALSE,0.089185715
A1,11,98,TRUE,0.52236104
A1,12,98,FALSE,0.012971163
A1,13,98,FALSE,0.154540062
A1,14,98,FALSE,0.028429985
A1,15,98,FALSE,0.307139158
A1,16,98,FALSE,0.039868832
A1,17,98,FALSE,0.035150051
A1,18,98,FALSE,0.029894829
A1,19,98,FALSE,0.01012373
A1,20,98,FALSE,0.031540871
A1,21,98,FALSE,0.093369246
A1,22,98,TRUE,0.411181211
A1,23,98,FALSE,0.021030903
A1,24,98,FALSE,0.224405766
A1,25,98,FALSE,0.006974936
A1,26,98,FALSE,0.009177923
A1,27,98,FALSE,0.094148159
A1,28,98,FALSE,0.021461964
A1,29,98,FALSE,0.013277292
A1,30,98,FALSE,0.013181925
A1,1,99,FALSE,0.010521173
A1,2,99,FALSE,0.396808863
A1,3,99,FALSE,0.014493227
A1,4,99,FALSE,0.12971282
A1,5,99,FALSE,0.164720297
A1,6,99,FALSE,0.01005888
A1,7,99,FALSE,0.199772835
A1,8,99,FALSE,0.020163059
A1,9,99,FALSE,0.134516954
A1,10,99,FALSE,0.010994196
A1,11,99,FALSE,0.064739943
A1,12,99,FALSE,0.010841846
A1,13,99,FALSE,0.053036213
A1,14,99,FALSE,0.013051271
A1,15,99,FALSE,0.00620389
A1,16,99,FALSE,0.095530987
A1,17,99,FALSE,0.022215128
A1,18,99,FALSE,0.008054972
A1,19,99,FALSE,0.01761508
A1,20,99,FALSE,0.203854084
A1,21,99,TRUE,0.357245922
A1,22,99,FALSE,0.007467985
A1,23,99,FALSE,0.015970945
A1,24,99,FALSE,0.111726999
A1,25,99,FALSE,0.240103245
A1,26,99,FALSE,0.067248106
A1,27,99,FALSE,0.018975019
A1,28,99,FALSE,0.263765097
A1,29,99,FALSE,0.025388002
A1,30,99,FALSE,0.159638882
A1,1,100,FALSE,0.005035162
A1,2,100,FALSE,0.040711164
A1,3,100,FALSE,0.031715155
A1,4,100,FALSE,0.017771006
A1,5,100,FALSE,0.121662855
A1,6,100,FALSE,0.023468018
A1,7,100,FALSE,0.153687
A1,8,100,FALSE,0.013178825
A1,9,100,TRUE,0.379235983
A1,10,100,TRUE,0.331742048
A1,11,100,FALSE,0.262475729
A1,12,100,FALSE,0.006519079
A1,13,100,FALSE,0.051936865
A1,14,100,FALSE,0.018643856
A1,15,100,FALSE,0.121384859
A1,16,100,FALSE,0.326819181
A1,17,100,FALSE,0.04917407
A1,18,100,FALSE,0.021264076
A1,19,100,FALSE,0.385139942
A1,20,100,FALSE,0.034601927
A1,21,100,FALSE,2.082084179
A1,22,100,FALSE,0.227238894
A1,23,100,FALSE,0.192080736
A1,24,100,FALSE,0.010851145
A1,25,100,FALSE,0.264732361
A1,26,100,FALSE,0.137363911
A1,27,100,FALSE,0.01591897
A1,28,100,FALSE,0.054223776
A1,29,100,FALSE,0.043503046
A1,30,100,FALSE,0.013112068
