A3,1,True,0.30281662940979004
A3,1,True,0.1311948299407959
A3,1,True,0.17943334579467773
A3,1,True,0.12407302856445312
A3,1,True,0.14785981178283691
A3,1,True,0.22606801986694336
A3,1,True,0.1504378318786621
A3,1,True,0.16525697708129883
A3,1,True,0.1344759464263916
A3,1,True,0.18547391891479492
A3,1,True,0.18421006202697754
A3,1,True,0.18783187866210938
A3,1,True,0.15020203590393066
A3,1,True,0.13776206970214844
A3,1,True,0.15325284004211426
A3,1,True,0.2652759552001953
A3,1,True,0.2482907772064209
A3,1,True,0.31421518325805664
A3,1,True,0.16877007484436035
A3,1,True,0.2129058837890625
A3,1,True,0.1319563388824463
A3,1,True,0.23854589462280273
A3,1,True,0.14058494567871094
A3,1,True,0.21430301666259766
A3,1,True,0.12310504913330078
A3,1,True,0.132720947265625
A3,1,True,0.16022706031799316
A3,1,True,0.15104174613952637
A3,1,True,0.21711087226867676
A3,2,True,0.23507404327392578
A3,2,True,0.18368220329284668
A3,2,True,0.12851691246032715
A3,2,True,0.1564188003540039
A3,2,True,0.18445396423339844
A3,2,True,0.35805726051330566
A3,2,True,0.13140010833740234
A3,2,True,0.171417236328125
A3,2,True,0.1463172435760498
A3,2,True,0.14987587928771973
A3,2,True,0.13776469230651855
A3,2,True,0.18749690055847168
A3,2,True,0.14020299911499023
A3,2,True,0.16399788856506348
A3,2,True,0.18751168251037598
A3,2,True,0.13705110549926758
A3,2,True,0.22756195068359375
A3,2,True,0.14567303657531738
A3,2,False,0.10200095176696777
A3,2,False,0.13620209693908691
A3,2,True,0.18029999732971191
A3,2,True,0.20875000953674316
A3,2,True,0.15471887588500977
A3,2,True,0.23045897483825684
A3,2,True,0.16727709770202637
A3,2,True,0.24046587944030762
A3,2,True,0.17390203475952148
A3,2,True,0.18880987167358398
A3,2,True,0.2322680950164795
A3,3,True,0.12944698333740234
A3,3,True,0.19095492362976074
A3,3,True,0.1824049949645996
A3,3,True,0.21606898307800293
A3,3,False,0.09192085266113281
A3,3,True,0.16745591163635254
A3,3,True,0.16786813735961914
A3,3,True,0.16494321823120117
A3,3,True,0.17692208290100098
A3,3,False,0.09791803359985352
A3,3,True,0.14828991889953613
A3,3,True,0.1700749397277832
A3,3,True,0.1867237091064453
A3,3,True,0.1406698226928711
A3,3,True,0.17363929748535156
A3,3,False,0.0555880069732666
A3,3,False,0.16993498802185059
A3,3,False,0.08382606506347656
A3,3,True,0.1581408977508545
A3,3,True,0.16698598861694336
A3,3,True,0.15474700927734375
A3,3,True,0.2301938533782959
A3,3,True,0.1442570686340332
A3,3,True,0.18802309036254883
A3,3,False,0.09194016456604004
A3,3,True,0.21864771842956543
A3,3,True,0.14146804809570312
A3,3,True,0.15510296821594238
A3,3,True,0.15247631072998047
A3,4,True,0.37911224365234375
A3,4,True,0.23820281028747559
A3,4,False,0.08152318000793457
A3,4,True,0.1346733570098877
A3,4,False,0.1261889934539795
A3,4,True,0.2550201416015625
A3,4,True,0.14758706092834473
A3,4,False,0.03238487243652344
A3,4,True,0.17110705375671387
A3,4,True,0.18317699432373047
A3,4,True,0.20532798767089844
A3,4,True,0.17757415771484375
A3,4,False,0.08484697341918945
A3,4,True,0.21873211860656738
A3,4,False,0.03938889503479004
A3,4,True,0.13506388664245605
A3,4,True,0.1452958583831787
A3,4,True,0.34090280532836914
A3,4,True,0.14702606201171875
A3,4,False,0.0006570816040039062
A3,4,True,0.257936954498291
A3,4,True,0.18540096282958984
A3,4,False,0.13412785530090332
A3,4,True,0.24144792556762695
A3,4,True,0.15997695922851562
A3,4,False,0.15780234336853027
A3,4,False,0.08151888847351074
A3,4,True,0.3814408779144287
A3,4,True,0.14609313011169434
A3,5,True,0.21207809448242188
A3,5,True,0.14502477645874023
A3,5,True,0.18779993057250977
A3,5,True,0.2765929698944092
A3,5,False,0.09343624114990234
A3,5,True,0.232985258102417
A3,5,True,0.192626953125
A3,5,False,0.08416914939880371
A3,5,True,0.17376089096069336
A3,5,True,0.13908600807189941
A3,5,True,0.16255879402160645
A3,5,True,0.20142483711242676
A3,5,False,0.09555411338806152
A3,5,True,0.14382100105285645
A3,5,True,0.2411210536956787
A3,5,False,0.16704010963439941
A3,5,True,0.14438891410827637
A3,5,True,0.13701200485229492
A3,5,True,0.22793006896972656
A3,5,True,0.14506173133850098
A3,5,True,0.15050292015075684
A3,5,True,0.1671910285949707
A3,5,True,0.17480015754699707
A3,5,True,0.3309900760650635
A3,5,True,0.17165017127990723
A3,5,True,0.18172216415405273
A3,5,True,0.17674899101257324
A3,5,True,0.13163304328918457
A3,5,True,0.2586669921875
A3,6,True,0.14849615097045898
A3,6,True,0.17583012580871582
A3,6,True,0.19202280044555664
A3,6,True,0.16257095336914062
A3,6,False,0.16106700897216797
A3,6,False,0.07925200462341309
A3,6,True,0.16172385215759277
A3,6,True,0.22080588340759277
A3,6,True,0.15581679344177246
A3,6,False,0.051450252532958984
A3,6,True,0.19396495819091797
A3,6,True,0.2463822364807129
A3,6,True,0.16924405097961426
A3,6,True,0.13396883010864258
A3,6,True,0.33818793296813965
A3,6,True,0.15264892578125
A3,6,False,0.20349788665771484
A3,6,True,0.18479609489440918
A3,6,True,0.20463085174560547
A3,6,False,0.23098301887512207
A3,6,True,0.14496827125549316
A3,6,False,0.08451080322265625
A3,6,False,0.1132509708404541
A3,6,True,0.20910000801086426
A3,6,True,0.1471259593963623
A3,6,True,0.2499849796295166
A3,6,True,0.1428818702697754
A3,6,True,0.45370006561279297
A3,6,True,0.3528251647949219
A3,7,True,0.1614069938659668
A3,7,True,0.3012688159942627
A3,7,True,0.14299893379211426
A3,7,True,0.12837910652160645
A3,7,True,0.1567690372467041
A3,7,False,0.13415193557739258
A3,7,True,0.17376422882080078
A3,7,True,0.16254067420959473
A3,7,False,0.1871349811553955
A3,7,True,0.24324393272399902
A3,7,True,0.14039397239685059
A3,7,True,0.17487621307373047
A3,7,False,0.039688825607299805
A3,7,False,0.08378791809082031
A3,7,True,0.16425585746765137
A3,7,True,0.16039109230041504
A3,7,True,0.18627595901489258
A3,7,True,0.18806910514831543
A3,7,True,0.21362781524658203
A3,7,True,0.1816720962524414
A3,7,True,0.19136619567871094
A3,7,True,0.24551820755004883
A3,7,False,0.07746481895446777
A3,7,True,0.4518918991088867
A3,7,True,0.16089177131652832
A3,7,True,0.1651897430419922
A3,7,True,0.14418292045593262
A3,7,False,0.15337610244750977
A3,7,False,0.1883549690246582
A3,8,True,0.17760300636291504
A3,8,True,0.14398694038391113
A3,8,False,0.04933595657348633
A3,8,True,0.19258499145507812
A3,8,True,0.21276021003723145
A3,8,True,0.19425725936889648
A3,8,True,0.17918992042541504
A3,8,False,0.16711807250976562
A3,8,True,0.17002487182617188
A3,8,True,0.22545790672302246
A3,8,True,0.17792105674743652
A3,8,True,0.22231507301330566
A3,8,True,0.2780578136444092
A3,8,False,0.147355318069458
A3,8,True,0.15636205673217773
A3,8,True,0.1592540740966797
A3,8,False,0.1687779426574707
A3,8,True,0.16899394989013672
A3,8,True,0.23289275169372559
A3,8,False,0.08129382133483887
A3,8,False,0.14226269721984863
A3,8,True,0.15358710289001465
A3,8,True,0.15976619720458984
A3,8,True,0.23190593719482422
A3,8,True,0.17515325546264648
A3,8,True,0.4624361991882324
A3,8,True,0.24605607986450195
A3,8,True,0.1714470386505127
A3,8,False,0.3071119785308838
A3,9,False,0.14866209030151367
A3,9,True,0.24785590171813965
A3,9,True,0.25429487228393555
A3,9,True,0.25124573707580566
A3,9,False,0.15375113487243652
A3,9,True,0.17102313041687012
A3,9,True,0.2975471019744873
A3,9,True,0.26049208641052246
A3,9,True,0.1619410514831543
A3,9,False,0.009521722793579102
A3,9,False,0.12194490432739258
A3,9,True,0.2752859592437744
A3,9,True,0.17212891578674316
A3,9,True,0.24158906936645508
A3,9,True,0.19423413276672363
A3,9,True,0.16864585876464844
A3,9,True,0.1508779525756836
A3,9,True,0.17191123962402344
A3,9,False,0.07339096069335938
A3,9,True,0.12888383865356445
A3,9,True,0.15351605415344238
A3,9,False,0.24084091186523438
A3,9,True,0.15207505226135254
A3,9,True,0.16777276992797852
A3,9,True,0.2344520092010498
A3,9,True,0.131317138671875
A3,9,True,0.21408605575561523
A3,9,True,0.16860413551330566
A3,9,False,0.016570091247558594
A3,10,True,0.13764619827270508
A3,10,True,0.24708008766174316
A3,10,False,0.1317288875579834
A3,10,False,0.010696172714233398
A3,10,False,0.13258814811706543
A3,10,True,0.1661548614501953
A3,10,False,0.015204191207885742
A3,10,True,0.1539750099182129
A3,10,True,0.16278600692749023
A3,10,True,0.15709424018859863
A3,10,False,0.18883514404296875
A3,10,False,0.12123680114746094
A3,10,True,0.17064404487609863
A3,10,True,0.1478290557861328
A3,10,False,0.32544398307800293
A3,10,True,0.16599822044372559
A3,10,False,0.09979629516601562
A3,10,False,0.08046913146972656
A3,10,False,0.10410881042480469
A3,10,True,0.2666318416595459
A3,10,True,0.16857695579528809
A3,10,True,0.26844000816345215
A3,10,False,0.10179305076599121
A3,10,False,0.20628690719604492
A3,10,False,0.02572321891784668
A3,10,True,0.20009613037109375
A3,10,True,0.16571974754333496
A3,10,True,0.15358209609985352
A3,10,False,0.06784701347351074
A3,11,True,0.2716987133026123
A3,11,True,0.16904616355895996
A3,11,True,0.2261979579925537
A3,11,True,0.194932222366333
A3,11,False,0.1875901222229004
A3,11,True,0.19753599166870117
A3,11,False,0.05811619758605957
A3,11,True,0.13777995109558105
A3,11,True,0.19463133811950684
A3,11,False,0.010249137878417969
A3,11,False,0.12386798858642578
A3,11,True,0.21802186965942383
A3,11,False,0.1779038906097412
A3,11,True,0.15671610832214355
A3,11,True,0.1776142120361328
A3,11,False,0.16403627395629883
A3,11,True,0.14203524589538574
A3,11,False,0.0196990966796875
A3,11,True,0.1858210563659668
A3,11,True,0.2619462013244629
A3,11,False,0.11848664283752441
A3,11,False,0.12635183334350586
A3,11,False,0.10332417488098145
A3,11,True,0.16359496116638184
A3,11,True,0.14525198936462402
A3,11,True,0.18496203422546387
A3,11,True,0.1461498737335205
A3,11,True,0.2066507339477539
A3,11,True,0.16192102432250977
A3,12,True,0.15593981742858887
A3,12,True,0.17482709884643555
A3,12,False,0.10736203193664551
A3,12,True,0.4031200408935547
A3,12,True,0.1636509895324707
A3,12,False,0.09661006927490234
A3,12,True,0.16145682334899902
A3,12,False,0.19731903076171875
A3,12,True,0.16879677772521973
A3,12,False,0.0008187294006347656
A3,12,False,0.09377193450927734
A3,12,True,0.14896416664123535
A3,12,True,0.16806578636169434
A3,12,False,0.1456139087677002
A3,12,False,0.10553097724914551
A3,12,True,0.1660759449005127
A3,12,False,0.05711102485656738
A3,12,True,0.16031789779663086
A3,12,False,0.06292295455932617
A3,12,True,0.18534612655639648
A3,12,True,0.26247096061706543
A3,12,True,0.14745306968688965
A3,12,False,0.058294057846069336
A3,12,True,0.17129921913146973
A3,12,False,0.11150717735290527
A3,12,False,0.13384294509887695
A3,12,False,0.04545903205871582
A3,12,True,0.15030503273010254
A3,12,True,0.162703275680542
A3,13,False,0.07450389862060547
A3,13,False,0.0961158275604248
A3,13,False,0.04111003875732422
A3,13,True,0.18122482299804688
A3,13,False,0.1012420654296875
A3,13,False,0.04647994041442871
A3,13,False,0.13656187057495117
A3,13,False,0.1555330753326416
A3,13,False,0.16141390800476074
A3,13,False,0.26875996589660645
A3,13,False,0.165571928024292
A3,13,False,0.1350569725036621
A3,13,True,0.23645615577697754
A3,13,False,0.11210393905639648
A3,13,False,0.04649686813354492
A3,13,False,0.1665818691253662
A3,13,True,0.15529298782348633
A3,13,False,0.18314313888549805
A3,13,True,0.40685415267944336
A3,13,False,0.049738168716430664
A3,13,True,0.22492504119873047
A3,13,True,0.1442270278930664
A3,13,False,0.13422489166259766
A3,13,True,0.24950027465820312
A3,13,False,0.11214208602905273
A3,13,True,0.30397582054138184
A3,13,True,0.19911503791809082
A3,13,True,0.14773821830749512
A3,13,True,0.220595121383667
A3,14,True,0.1967470645904541
A3,14,True,0.22781014442443848
A3,14,True,0.18824315071105957
A3,14,False,0.13610196113586426
A3,14,False,0.13669300079345703
A3,14,False,0.23247623443603516
A3,14,True,0.29931187629699707
A3,14,False,0.2526741027832031
A3,14,False,0.007821083068847656
A3,14,True,0.16163420677185059
A3,14,False,0.06602096557617188
A3,14,True,0.21692800521850586
A3,14,True,0.1459047794342041
A3,14,False,0.11640596389770508
A3,14,True,0.17912006378173828
A3,14,True,0.19466805458068848
A3,14,True,0.1869971752166748
A3,14,False,0.011358976364135742
A3,14,False,0.14358282089233398
A3,14,True,0.17700672149658203
A3,14,False,0.019185304641723633
A3,14,False,0.14959001541137695
A3,14,False,0.0832071304321289
A3,14,True,0.20015692710876465
A3,14,False,0.1388399600982666
A3,14,False,0.0751352310180664
A3,14,False,0.17899799346923828
A3,14,False,0.07233786582946777
A3,14,True,0.183258056640625
A3,15,True,0.3599240779876709
A3,15,False,0.16604280471801758
A3,15,False,0.06214189529418945
A3,15,True,0.1793992519378662
A3,15,False,0.12530088424682617
A3,15,False,0.12148594856262207
A3,15,True,0.16829514503479004
A3,15,True,0.16278719902038574
A3,15,True,0.14387798309326172
A3,15,False,0.11443090438842773
A3,15,False,0.16125702857971191
A3,15,True,0.1612548828125
A3,15,False,0.17050719261169434
A3,15,False,0.050911903381347656
A3,15,False,0.1276841163635254
A3,15,False,0.10128903388977051
A3,15,True,0.19725489616394043
A3,15,False,0.4054749011993408
A3,15,False,0.13267302513122559
A3,15,False,0.008269786834716797
A3,15,True,0.1619279384613037
A3,15,False,0.12885093688964844
A3,15,False,0.11382889747619629
A3,15,False,0.09755611419677734
A3,15,False,0.37286806106567383
A3,15,True,0.15899395942687988
A3,15,False,0.046425819396972656
A3,15,False,0.0954749584197998
A3,15,False,0.0028290748596191406
A3,16,False,0.25287795066833496
A3,16,True,0.17707204818725586
A3,16,False,0.09277105331420898
A3,16,False,0.028181076049804688
A3,16,False,0.0949702262878418
A3,16,False,0.03928709030151367
A3,16,False,0.007581233978271484
A3,16,True,0.2005770206451416
A3,16,False,0.030100107192993164
A3,16,True,0.1886918544769287
A3,16,False,0.21940398216247559
A3,16,False,0.005872964859008789
A3,16,False,0.049844980239868164
A3,16,False,0.16118097305297852
A3,16,False,0.036473989486694336
A3,16,True,0.15162014961242676
A3,16,False,0.010075807571411133
A3,16,True,0.2420969009399414
A3,16,False,0.15533900260925293
A3,16,False,0.10960197448730469
A3,16,True,0.15801215171813965
A3,16,False,0.29943108558654785
A3,16,False,0.21503305435180664
A3,16,True,0.16379904747009277
A3,16,False,0.07459688186645508
A3,16,True,0.16005229949951172
A3,16,False,0.12702488899230957
A3,16,False,0.11729192733764648
A3,16,False,0.1406416893005371
A3,17,True,0.2045879364013672
A3,17,True,0.3027229309082031
A3,17,False,0.11533784866333008
A3,17,True,0.18043804168701172
A3,17,True,0.20569086074829102
A3,17,False,0.22056818008422852
A3,17,False,0.21566390991210938
A3,17,False,0.0864100456237793
A3,17,True,0.3174138069152832
A3,17,False,0.017512083053588867
A3,17,False,0.07707095146179199
A3,17,False,0.0706629753112793
A3,17,False,0.08164501190185547
A3,17,False,0.012791156768798828
A3,17,False,0.059564828872680664
A3,17,False,0.286834716796875
A3,17,False,0.19612574577331543
A3,17,False,0.04299497604370117
A3,17,False,0.10307693481445312
A3,17,False,0.025523900985717773
A3,17,False,0.06087803840637207
A3,17,True,0.1776108741760254
A3,17,False,0.09233498573303223
A3,17,False,0.18197083473205566
A3,17,True,0.24370694160461426
A3,17,True,0.2574741840362549
A3,17,True,0.17232513427734375
A3,17,False,0.007333993911743164
A3,17,False,0.08830070495605469
A3,18,True,0.2450718879699707
A3,18,True,0.1984860897064209
A3,18,False,0.049314022064208984
A3,18,True,0.1625528335571289
A3,18,True,0.24879002571105957
A3,18,False,0.046942949295043945
A3,18,False,0.21547317504882812
A3,18,False,0.10404801368713379
A3,18,True,0.15186691284179688
A3,18,False,0.09495019912719727
A3,18,True,0.36719679832458496
A3,18,True,0.2145090103149414
A3,18,True,0.18345189094543457
A3,18,True,0.2394852638244629
A3,18,True,0.275968074798584
A3,18,False,0.16773486137390137
A3,18,False,0.1150200366973877
A3,18,True,0.16407012939453125
A3,18,True,0.18961310386657715
A3,18,True,0.193526029586792
A3,18,True,0.15002703666687012
A3,18,False,0.01514577865600586
A3,18,False,0.12065720558166504
A3,18,False,0.18410420417785645
A3,18,False,0.10686278343200684
A3,18,False,0.044957876205444336
A3,18,True,0.1729869842529297
A3,18,True,0.1654829978942871
A3,18,True,0.14694499969482422
A3,19,True,0.2531111240386963
A3,19,False,0.1422441005706787
A3,19,False,0.05804896354675293
A3,19,False,0.10506510734558105
A3,19,False,0.1522350311279297
A3,19,True,0.2025587558746338
A3,19,False,0.02744436264038086
A3,19,False,0.16368699073791504
A3,19,False,0.05473899841308594
A3,19,False,0.11472725868225098
A3,19,False,0.16958999633789062
A3,19,False,0.12050294876098633
A3,19,True,0.24222397804260254
A3,19,True,0.198380708694458
A3,19,False,0.12715387344360352
A3,19,True,0.28445887565612793
A3,19,False,0.019231796264648438
A3,19,False,0.05989718437194824
A3,19,True,0.1737070083618164
A3,19,False,0.006272077560424805
A3,19,False,0.02807307243347168
A3,19,False,0.1472938060760498
A3,19,False,0.022630929946899414
A3,19,False,0.1292281150817871
A3,19,False,0.00410771369934082
A3,19,True,0.20097708702087402
A3,19,False,0.017946958541870117
A3,19,False,0.02292490005493164
A3,19,False,0.19580316543579102
A3,20,False,0.16480398178100586
A3,20,False,0.007514238357543945
A3,20,False,0.16119098663330078
A3,20,True,0.18837928771972656
A3,20,True,0.1522059440612793
A3,20,False,0.17302799224853516
A3,20,True,0.16635870933532715
A3,20,True,0.20993733406066895
A3,20,True,0.21056818962097168
A3,20,True,0.20163416862487793
A3,20,False,0.07824420928955078
A3,20,False,0.029406070709228516
A3,20,False,0.14055705070495605
A3,20,False,0.03965497016906738
A3,20,False,0.00449681282043457
A3,20,False,0.06774616241455078
A3,20,False,0.22597074508666992
A3,20,False,0.004790067672729492
A3,20,True,0.21235084533691406
A3,20,True,0.2460629940032959
A3,20,False,0.1923670768737793
A3,20,False,0.0802302360534668
A3,20,True,0.2564718723297119
A3,20,False,0.09432005882263184
A3,20,True,0.27811312675476074
A3,20,False,0.2429640293121338
A3,20,False,0.05575895309448242
A3,20,False,0.12708187103271484
A3,20,True,0.19737505912780762
A3,21,True,0.21354293823242188
A3,21,False,0.12382388114929199
A3,21,False,0.2428600788116455
A3,21,False,0.05353212356567383
A3,21,False,0.13433384895324707
A3,21,False,0.22252583503723145
A3,21,False,0.17525196075439453
A3,21,False,0.1669771671295166
A3,21,True,0.31808018684387207
A3,21,False,0.1110997200012207
A3,21,True,0.3196890354156494
A3,21,True,0.24226617813110352
A3,21,True,0.17118382453918457
A3,21,False,0.13271498680114746
A3,21,False,0.05617523193359375
A3,21,False,0.10039401054382324
A3,21,True,0.2742431163787842
A3,21,True,0.17891788482666016
A3,21,False,0.138092041015625
A3,21,False,0.006933927536010742
A3,21,False,0.004698991775512695
A3,21,False,0.10099029541015625
A3,21,True,0.25652217864990234
A3,21,False,0.11005902290344238
A3,21,False,0.17723917961120605
A3,21,True,0.17656826972961426
A3,21,False,0.034256935119628906
A3,21,True,0.16004610061645508
A3,21,True,0.15839600563049316
A3,22,False,0.0650780200958252
A3,22,False,0.035856008529663086
A3,22,False,0.22790884971618652
A3,22,False,0.20277619361877441
A3,22,False,0.1399233341217041
A3,22,True,0.16704797744750977
A3,22,False,0.044959068298339844
A3,22,False,0.2310779094696045
A3,22,False,0.1814730167388916
A3,22,True,0.1602630615234375
A3,22,False,0.1304638385772705
A3,22,False,0.17752504348754883
A3,22,False,0.2411949634552002
A3,22,False,0.011379003524780273
A3,22,False,0.0278778076171875
A3,22,True,0.16527318954467773
A3,22,True,0.21539306640625
A3,22,True,0.16867804527282715
A3,22,False,0.24328279495239258
A3,22,False,0.2786431312561035
A3,22,False,0.0831761360168457
A3,22,True,0.41278982162475586
A3,22,False,0.08517885208129883
A3,22,True,0.1680748462677002
A3,22,False,0.11354589462280273
A3,22,True,0.15981602668762207
A3,22,False,0.09203982353210449
A3,22,True,0.20162630081176758
A3,22,False,0.08465194702148438
A3,23,False,0.1081399917602539
A3,23,False,0.10793709754943848
A3,23,False,0.15505194664001465
A3,23,True,0.19713616371154785
A3,23,False,0.03766894340515137
A3,23,True,0.34081196784973145
A3,23,False,0.13249421119689941
A3,23,True,0.18402409553527832
A3,23,False,0.3148679733276367
A3,23,False,0.011693000793457031
A3,23,False,0.04939699172973633
A3,23,True,0.18862414360046387
A3,23,False,0.12953805923461914
A3,23,False,0.09762692451477051
A3,23,True,0.17830300331115723
A3,23,False,0.09735679626464844
A3,23,False,0.1459341049194336
A3,23,True,0.189208984375
A3,23,True,0.32190680503845215
A3,23,False,0.031249046325683594
A3,23,False,0.016881942749023438
A3,23,False,0.20270705223083496
A3,23,False,0.3333570957183838
A3,23,False,0.1759040355682373
A3,23,False,0.03959918022155762
A3,23,False,0.231827974319458
A3,23,True,0.19598793983459473
A3,23,True,0.204146146774292
A3,23,True,0.16773676872253418
A3,24,True,0.2972068786621094
A3,24,False,0.2938351631164551
A3,24,False,0.11921310424804688
A3,24,False,0.19808411598205566
A3,24,False,0.048002004623413086
A3,24,False,0.2257399559020996
A3,24,True,0.2044389247894287
A3,24,False,0.2091381549835205
A3,24,True,0.2729060649871826
A3,24,False,0.14842486381530762
A3,24,False,0.03743910789489746
A3,24,False,0.02522897720336914
A3,24,True,0.21666193008422852
A3,24,True,0.22484207153320312
A3,24,True,0.16152215003967285
A3,24,False,0.13375401496887207
A3,24,False,0.1742689609527588
A3,24,False,0.03743577003479004
A3,24,False,0.21750402450561523
A3,24,False,0.021618366241455078
A3,24,False,0.016256093978881836
A3,24,False,0.09032988548278809
A3,24,False,0.04723691940307617
A3,24,False,0.06642889976501465
A3,24,False,0.12496423721313477
A3,24,True,0.19585514068603516
A3,24,False,0.10039615631103516
A3,24,True,0.15964388847351074
A3,24,False,0.023078203201293945
A3,25,False,0.08492517471313477
A3,25,False,0.04055285453796387
A3,25,True,0.3381938934326172
A3,25,True,0.25214719772338867
A3,25,False,0.07164192199707031
A3,25,True,0.3322277069091797
A3,25,False,0.05319619178771973
A3,25,True,0.20183777809143066
A3,25,True,0.19407272338867188
A3,25,False,0.4878859519958496
A3,25,False,0.007932901382446289
A3,25,True,0.21656584739685059
A3,25,False,0.1758720874786377
A3,25,True,0.43047332763671875
A3,25,False,0.13270306587219238
A3,25,True,0.2292642593383789
A3,25,False,0.024384021759033203
A3,25,True,0.2133629322052002
A3,25,False,0.04278206825256348
A3,25,False,0.05942201614379883
A3,25,False,0.04691600799560547
A3,25,False,0.12986493110656738
A3,25,False,0.10135006904602051
A3,25,False,0.14469695091247559
A3,25,False,0.16513776779174805
A3,25,True,0.29429197311401367
A3,25,False,0.17905187606811523
A3,25,False,0.009562969207763672
A3,25,False,0.12575721740722656
A3,26,False,0.07874083518981934
A3,26,False,0.1613922119140625
A3,26,False,0.0881340503692627
A3,26,True,0.16249990463256836
A3,26,True,0.15680718421936035
A3,26,False,0.14726495742797852
A3,26,True,0.20081210136413574
A3,26,False,0.11548805236816406
A3,26,True,0.17830681800842285
A3,26,False,0.11712908744812012
A3,26,True,0.15527606010437012
A3,26,False,0.1724860668182373
A3,26,True,0.1771240234375
A3,26,True,0.2193288803100586
A3,26,False,0.022745847702026367
A3,26,True,0.28333520889282227
A3,26,False,0.21541094779968262
A3,26,True,0.2000131607055664
A3,26,False,0.17024707794189453
A3,26,True,0.18541288375854492
A3,26,False,0.13625097274780273
A3,26,False,0.10056209564208984
A3,26,False,0.10260987281799316
A3,26,False,0.049678802490234375
A3,26,False,0.05147099494934082
A3,26,False,0.19298815727233887
A3,26,False,0.15114998817443848
A3,26,False,0.03625798225402832
A3,26,True,0.1990189552307129
A3,27,True,0.16186904907226562
A3,27,False,0.2426130771636963
A3,27,False,0.18969178199768066
A3,27,False,0.17068099975585938
A3,27,True,0.19884896278381348
A3,27,False,0.014201879501342773
A3,27,False,0.051352739334106445
A3,27,True,0.18398380279541016
A3,27,False,0.28912806510925293
A3,27,True,0.21665620803833008
A3,27,False,0.10504508018493652
A3,27,False,0.05768609046936035
A3,27,False,0.10676789283752441
A3,27,True,0.20684003829956055
A3,27,False,0.07121682167053223
A3,27,False,0.24755096435546875
A3,27,True,0.14639568328857422
A3,27,False,0.16542696952819824
A3,27,False,0.008467912673950195
A3,27,True,0.3294060230255127
A3,27,True,0.15795683860778809
A3,27,False,0.059580087661743164
A3,27,True,0.2797858715057373
A3,27,False,0.15134119987487793
A3,27,True,0.1689310073852539
A3,27,False,0.11358523368835449
A3,27,False,0.21116185188293457
A3,27,True,0.20459890365600586
A3,27,False,0.0570521354675293
A3,28,False,0.01867198944091797
A3,28,False,0.15383386611938477
A3,28,False,0.04734611511230469
A3,28,True,0.3004133701324463
A3,28,False,0.0498659610748291
A3,28,True,0.19040203094482422
A3,28,False,0.021108150482177734
A3,28,False,0.06699490547180176
A3,28,True,0.21203398704528809
A3,28,False,0.018419981002807617
A3,28,False,0.03352212905883789
A3,28,False,0.09546375274658203
A3,28,False,0.05120491981506348
A3,28,False,0.05911612510681152
A3,28,False,0.051918983459472656
A3,28,False,0.2583041191101074
A3,28,False,0.1489698886871338
A3,28,False,0.06961393356323242
A3,28,False,0.0397641658782959
A3,28,False,0.09390878677368164
A3,28,False,0.001085042953491211
A3,28,True,0.19652485847473145
A3,28,False,0.03556394577026367
A3,28,False,0.1681370735168457
A3,28,False,0.029022932052612305
A3,28,False,0.0731050968170166
A3,28,False,0.08206892013549805
A3,28,False,0.11747503280639648
A3,28,False,0.17695212364196777
A3,29,False,0.12050604820251465
A3,29,False,0.16567277908325195
A3,29,True,0.17351508140563965
A3,29,True,0.17426323890686035
A3,29,False,0.0612027645111084
A3,29,False,0.045867919921875
A3,29,True,0.21149587631225586
A3,29,False,0.049410104751586914
A3,29,False,0.10622692108154297
A3,29,True,0.1860518455505371
A3,29,False,0.25148606300354004
A3,29,True,0.18429017066955566
A3,29,False,0.12198901176452637
A3,29,False,0.20187067985534668
A3,29,True,0.235245943069458
A3,29,False,0.24387621879577637
A3,29,False,0.22823381423950195
A3,29,False,0.4337432384490967
A3,29,False,0.031362056732177734
A3,29,True,0.31016087532043457
A3,29,False,0.1184539794921875
A3,29,True,0.27999186515808105
A3,29,False,0.07133316993713379
A3,29,False,0.06670212745666504
A3,29,False,0.2794318199157715
A3,29,True,0.21312379837036133
A3,29,False,0.014940977096557617
A3,29,False,0.014880180358886719
A3,29,True,0.21990013122558594
A3,30,False,0.15589666366577148
A3,30,False,0.04098081588745117
A3,30,False,0.12957501411437988
A3,30,False,0.1412489414215088
A3,30,True,0.23228907585144043
A3,30,True,0.22521328926086426
A3,30,True,0.22597503662109375
A3,30,False,0.13617372512817383
A3,30,True,0.22524690628051758
A3,30,False,0.0281069278717041
A3,30,False,0.026093006134033203
A3,30,False,0.03413867950439453
A3,30,True,0.18430304527282715
A3,30,False,0.08252882957458496
A3,30,True,0.2384941577911377
A3,30,False,0.0966348648071289
A3,30,False,0.1424851417541504
A3,30,False,0.3650670051574707
A3,30,True,0.25842785835266113
A3,30,False,0.06106305122375488
A3,30,False,0.1658790111541748
A3,30,False,0.11966776847839355
A3,30,True,0.1967179775238037
A3,30,False,0.05042004585266113
A3,30,False,0.17133808135986328
A3,30,False,0.08763599395751953
A3,30,False,0.1187739372253418
A3,30,True,0.23359322547912598
A3,30,False,0.03734922409057617
A3,31,True,0.2227780818939209
A3,31,False,0.07320976257324219
A3,31,False,0.11542105674743652
A3,31,False,0.23911404609680176
A3,31,False,0.08400297164916992
A3,31,False,0.048599958419799805
A3,31,True,0.2882258892059326
A3,31,False,0.0011110305786132812
A3,31,False,0.036982059478759766
A3,31,False,0.10962677001953125
A3,31,False,0.17958998680114746
A3,31,True,0.1800088882446289
A3,31,False,0.1835629940032959
A3,31,False,0.1468806266784668
A3,31,False,0.07897400856018066
A3,31,False,0.1832869052886963
A3,31,False,0.008668899536132812
A3,31,False,0.08402490615844727
A3,31,False,0.20624685287475586
A3,31,False,0.20200490951538086
A3,31,True,0.16925382614135742
A3,31,False,0.06559371948242188
A3,31,False,0.2521209716796875
A3,31,False,0.04039597511291504
A3,31,False,0.006761074066162109
A3,31,False,0.042191267013549805
A3,31,True,0.21831297874450684
A3,31,False,0.10543680191040039
A3,31,False,0.18978500366210938
A3,32,False,0.02204608917236328
A3,32,False,0.12430620193481445
A3,32,True,0.19772005081176758
A3,32,False,0.12605690956115723
A3,32,False,0.04289507865905762
A3,32,False,0.24308395385742188
A3,32,False,0.06258606910705566
A3,32,False,0.08333206176757812
A3,32,False,0.058875083923339844
A3,32,False,0.21617484092712402
A3,32,False,0.0902101993560791
A3,32,False,0.07260918617248535
A3,32,False,0.10411381721496582
A3,32,False,0.1563420295715332
A3,32,False,0.06207990646362305
A3,32,True,0.2326810359954834
A3,32,True,0.198685884475708
A3,32,False,0.27027201652526855
A3,32,False,0.14353680610656738
A3,32,False,0.013480901718139648
A3,32,False,0.01977396011352539
A3,32,False,0.005869865417480469
A3,32,False,0.17096376419067383
A3,32,True,0.19286394119262695
A3,32,False,0.14010071754455566
A3,32,False,0.1741030216217041
A3,32,True,0.21447300910949707
A3,32,True,0.176300048828125
A3,32,True,0.16547894477844238
A3,33,False,0.010447978973388672
A3,33,False,0.06302690505981445
A3,33,False,0.026354074478149414
A3,33,False,0.17256593704223633
A3,33,False,0.21516108512878418
A3,33,True,0.25443506240844727
A3,33,False,0.06194305419921875
A3,33,False,0.09496879577636719
A3,33,False,0.028109073638916016
A3,33,False,0.07607722282409668
A3,33,True,0.24613618850708008
A3,33,True,0.19816231727600098
A3,33,True,0.21262264251708984
A3,33,True,0.24808120727539062
A3,33,False,0.2369060516357422
A3,33,False,0.03740811347961426
A3,33,False,0.04490399360656738
A3,33,False,0.27771592140197754
A3,33,False,0.1707630157470703
A3,33,False,0.07006168365478516
A3,33,False,0.06717419624328613
A3,33,False,0.16762232780456543
A3,33,False,0.003735780715942383
A3,33,False,0.10551309585571289
A3,33,False,0.2755277156829834
A3,33,False,0.11857891082763672
A3,33,True,0.17111706733703613
A3,33,False,0.03172588348388672
A3,33,False,0.08645510673522949
A3,34,False,0.038549184799194336
A3,34,False,0.07464194297790527
A3,34,False,0.0483400821685791
A3,34,False,0.1497180461883545
A3,34,False,0.09145784378051758
A3,34,False,0.03823208808898926
A3,34,False,0.11408591270446777
A3,34,False,0.11453986167907715
A3,34,False,0.042472124099731445
A3,34,False,0.05261707305908203
A3,34,False,0.04411172866821289
A3,34,False,0.1924748420715332
A3,34,False,0.05275702476501465
A3,34,False,0.21758103370666504
A3,34,False,0.09560585021972656
A3,34,True,0.21674585342407227
A3,34,False,0.055444955825805664
A3,34,False,0.24196600914001465
A3,34,True,0.2291398048400879
A3,34,False,0.16069507598876953
A3,34,True,0.22383785247802734
A3,34,False,0.07543396949768066
A3,34,True,0.1871328353881836
A3,34,False,0.08733415603637695
A3,34,False,0.2265181541442871
A3,34,True,0.2538340091705322
A3,34,False,0.0038988590240478516
A3,34,False,0.04232382774353027
A3,34,False,0.05681920051574707
