	AGENT	ITERATION	NO OF GHOSTS	RESULT	TIME
0	A2	1	1	True	34.29192305
1	A2	2	1	True	26.73476791
2	A2	3	1	True	11.98332119
3	A2	4	1	True	16.94484115
4	A2	5	1	True	14.99322605
5	A2	6	1	True	10.80141687
6	A2	7	1	True	11.13571
7	A2	8	1	True	13.43325019
8	A2	9	1	True	15.35900187
9	A2	10	1	True	14.96123314
10	A2	11	1	True	15.17546391
11	A2	12	1	True	15.47103119
12	A2	13	1	True	11.94075704
13	A2	14	1	True	17.54862905
14	A2	15	1	True	12.42141271
15	A2	16	1	True	11.151402
16	A2	17	1	True	13.95774913
17	A2	18	1	True	14.50262666
18	A2	19	1	True	13.76199317
19	A2	20	1	True	13.1519649
20	A2	21	1	True	14.85867977
21	A2	22	1	True	11.12763405
22	A2	23	1	False	15.0829711
23	A2	24	1	True	10.39680505
0	A2	1	2	True	43.71626019477844
1	A2	2	2	True	20.66936492919922
2	A2	3	2	True	21.597501039505005
3	A2	4	2	True	15.564293146133425
4	A2	5	2	True	7.2396769523620605
5	A2	6	2	True	13.963075160980225
6	A2	7	2	True	9.995491027832031
7	A2	8	2	True	14.062523126602173
8	A2	9	2	True	16.139653205871582
9	A2	10	2	True	16.187968015670776
10	A2	11	2	True	16.83845090866089
11	A2	12	2	True	15.776727199554443
12	A2	13	2	False	13.84418797492981
13	A2	14	2	False	11.959115982055664
14	A2	15	2	True	16.644922018051147
15	A2	16	2	True	16.77142906188965
16	A2	17	2	True	15.214764833450316
17	A2	18	2	True	19.43122792243957
18	A2	19	2	False	12.514489889144896
19	A2	20	2	False	11.438199996948242
20	A2	21	2	True	16.95748496055603
21	A2	22	2	False	12.524728059768677
22	A2	23	2	True	308.1116409301758
23	A2	24	2	True	14.196382999420166
0	A2	1	3	False	2.325166940689087
1	A2	2	3	True	4.364958047866821
2	A2	3	3	True	19.975892066955566
3	A2	4	3	False	38.21121311187744
4	A2	5	3	True	16.25039505958557
5	A2	6	3	True	10.4389967918396
6	A2	7	3	True	19.42618703842163
7	A2	8	3	True	13.792181015014648
8	A2	9	3	True	15.142802953720093
9	A2	10	3	True	7.578359842300415
10	A2	11	3	True	14.750911951065063
11	A2	12	3	True	15.064478397369385
12	A2	13	3	True	15.84109902381897
13	A2	14	3	True	15.047991037368774
14	A2	15	3	True	13.369374990463257
15	A2	16	3	True	19.179760932922363
16	A2	17	3	True	18.49454379081726
17	A2	18	3	True	15.243326902389526
18	A2	19	3	True	14.516109943389893
19	A2	20	3	True	17.121341943740845
20	A2	21	3	True	13.658176183700562
21	A2	22	3	False	10.580496788024902
22	A2	23	3	True	15.684063911437988
23	A2	24	3	True	15.883844137191772
0	A2	1	4	True	40.870635747909546
1	A2	2	4	True	24.83497309684753
2	A2	3	4	True	13.689580917358398
3	A2	4	4	False	10.397470951080322
4	A2	5	4	True	14.480702877044678
5	A2	6	4	True	13.598957777023315
6	A2	7	4	True	11.129498958587646
7	A2	8	4	True	17.30137324333191
8	A2	9	4	True	15.591747045516968
9	A2	10	4	True	18.58339619636536
10	A2	11	4	False	12.245424270629885
11	A2	12	4	False	11.487284898757936
12	A2	13	4	True	22.39793038368225
13	A2	14	4	False	15.893234014511108
14	A2	15	4	True	16.950777053833008
15	A2	16	4	True	16.8671133518219
16	A2	17	4	True	18.219218015670776
17	A2	18	4	False	6.338964939117432
18	A2	19	4	False	7.886994123458862
19	A2	20	4	False	10.493980169296265
20	A2	21	4	True	15.977688789367676
21	A2	22	4	True	14.315715074539185
22	A2	23	4	True	16.97946286201477
23	A2	24	4	True	308.38675832748413
0	A2	1	5	True	25.401183128356934
1	A2	2	5	True	32.72105288505554
2	A2	3	5	True	12.94571590423584
3	A2	4	5	True	11.700490951538086
4	A2	5	5	False	15.180259943008425
5	A2	6	5	True	13.266475915908812
6	A2	7	5	True	13.773229122161863
7	A2	8	5	True	12.760658979415894
8	A2	9	5	True	15.2834312915802
9	A2	10	5	True	13.50890612602234
10	A2	11	5	True	14.721395015716553
11	A2	12	5	True	13.47374415397644
12	A2	13	5	True	15.85164713859558
13	A2	14	5	True	21.69378685951233
14	A2	15	5	True	17.381735801696777
15	A2	16	5	True	14.617987871170044
16	A2	17	5	True	14.245415210723875
17	A2	18	5	True	15.70310091972351
18	A2	19	5	True	13.822681903839111
19	A2	20	5	True	17.81766390800476
20	A2	21	5	True	14.177677869796751
21	A2	22	5	True	17.17165207862854
22	A2	23	5	True	15.265445947647097
23	A2	24	5	True	304.4644618034363
0	A2	1	6	False	2.253588914871216
1	A2	2	6	False	5.120594263076782
2	A2	3	6	True	36.93936204910278
3	A2	4	6	True	25.51324486732483
4	A2	5	6	True	14.267277956008911
5	A2	6	6	True	22.161986112594604
6	A2	7	6	True	15.546030044555664
7	A2	8	6	True	16.938974857330322
8	A2	9	6	True	15.340863943099976
9	A2	10	6	False	0.5871150493621826
10	A2	11	6	True	14.526119947433472
11	A2	12	6	True	13.054262161254885
12	A2	13	6	True	17.097601175308228
13	A2	14	6	True	18.264525175094604
14	A2	15	6	True	24.11068105697632
15	A2	16	6	False	16.977447986602783
16	A2	17	6	False	17.00844120979309
17	A2	18	6	False	13.882699012756348
18	A2	19	6	False	9.09610104560852
19	A2	20	6	True	17.160976886749268
20	A2	21	6	True	18.342888832092285
21	A2	22	6	True	18.064328908920288
22	A2	23	6	True	17.69256901741028
23	A2	24	6	True	310.09725999832153
0	A2	1	7	True	45.62894225120544
1	A2	2	7	True	23.065475702285767
2	A2	3	7	True	19.92847204208374
3	A2	4	7	True	17.86479902267456
4	A2	5	7	True	16.22996711730957
5	A2	6	7	True	18.552155017852783
6	A2	7	7	True	17.66402578353882
7	A2	8	7	True	18.78031086921692
8	A2	9	7	True	17.05943775177002
9	A2	10	7	False	10.803900003433228
10	A2	11	7	True	24.418436765670776
11	A2	12	7	True	18.11367392539978
12	A2	13	7	True	20.25056505203247
13	A2	14	7	True	20.16290283203125
14	A2	15	7	True	19.41917109489441
15	A2	16	7	True	20.892740964889526
16	A2	17	7	True	16.67240071296692
17	A2	18	7	True	19.728368043899536
18	A2	19	7	False	7.4058122634887695
19	A2	20	7	True	309.01417207717896
20	A2	21	7	True	17.47576880455017
21	A2	22	7	True	19.19891571998596
22	A2	23	7	True	10.65159511566162
23	A2	24	7	True	13.492377996444702
0	A2	1	8	True	22.82485604286194
1	A2	2	8	False	40.44769096374512
2	A2	3	8	False	15.87192964553833
3	A2	4	8	True	23.37912106513977
4	A2	5	8	True	15.51811981201172
5	A2	6	8	True	17.300703048706055
6	A2	7	8	True	18.68911099433899
7	A2	8	8	False	17.286216020584106
8	A2	9	8	True	23.095582008361816
9	A2	10	8	True	19.94175720214844
10	A2	11	8	True	29.029998064041138
11	A2	12	8	False	18.17968201637268
12	A2	13	8	False	18.56109595298767
13	A2	14	8	False	22.54792618751526
14	A2	15	8	True	21.49128293991089
15	A2	16	8	True	20.960812091827396
16	A2	17	8	False	16.30284094810486
17	A2	18	8	True	312.3251268863678
18	A2	19	8	False	78.87848591804504
19	A2	20	8	True	11.559079885482788
20	A2	21	8	False	10.280156135559082
21	A2	22	8	True	8.503536939620972
22	A2	23	8	True	7.638490200042725
23	A2	24	8	True	9.343195915222168
0	A2	1	9	False	55.33708691596985
1	A2	2	9	False	24.00931692123413
2	A2	3	9	False	25.67851591110229
3	A2	4	9	False	14.474194049835203
4	A2	5	9	False	25.1349356174469
5	A2	6	9	False	20.958688974380493
6	A2	7	9	False	22.81291007995605
7	A2	8	9	False	27.53578400611877
8	A2	9	9	False	33.60824275016785
9	A2	10	9	False	27.13345193862915
10	A2	11	9	False	28.905290126800537
11	A2	12	9	False	26.351234912872314
12	A2	13	9	False	25.28075122833252
13	A2	14	9	False	315.8567519187927
14	A2	15	9	False	19.54539704322815
15	A2	16	9	False	23.92327189445496
16	A2	17	9	False	17.255311965942383
17	A2	18	9	False	15.653724908828735
18	A2	19	9	False	15.006278038024902
19	A2	20	9	False	11.953529834747314
20	A2	21	9	False	9.4379620552063
21	A2	22	9	False	11.13868808746338
22	A2	23	9	False	9.831125020980837
23	A2	24	9	False	8.068952083587646
0	A2	1	10	True	48.5332818031311
1	A2	2	10	True	20.725685119628903
2	A2	3	10	True	18.947399854660038
3	A2	4	10	True	15.937649250030518
4	A2	5	10	True	16.037379026412964
5	A2	6	10	False	5.5124900341033936
6	A2	7	10	False	5.842810869216919
7	A2	8	10	True	18.729408025741577
8	A2	9	10	True	18.649035930633545
9	A2	10	10	True	14.201879739761353
10	A2	11	10	False	13.790292024612429
11	A2	12	10	True	16.02061891555786
12	A2	13	10	False	12.732340097427368
13	A2	14	10	True	22.83522772789001
14	A2	15	10	True	17.43600606918335
15	A2	16	10	True	23.954699993133545
16	A2	17	10	True	20.77398681640625
17	A2	18	10	True	18.14653277397156
18	A2	19	10	True	22.43300986289978
19	A2	20	10	False	2.688120126724243
20	A2	21	10	False	7.785082101821899
21	A2	22	10	True	313.5099058151245
22	A2	23	10	True	15.468693017959597
23	A2	24	10	True	20.437464952468872
0	A2	1	11	False	60.13628911972046
1	A2	2	11	False	25.988638162612915
2	A2	3	11	False	19.099735021591187
3	A2	4	11	False	19.07512617111206
4	A2	5	11	False	24.41308283805847
5	A2	6	11	False	25.41875410079956
6	A2	7	11	False	26.085975885391235
7	A2	8	11	False	32.19627380371094
8	A2	9	11	False	34.00335693359375
9	A2	10	11	False	32.615251779556274
10	A2	11	11	False	28.19055700302124
11	A2	12	11	False	29.885809898376465
12	A2	13	11	False	319.2808270454407
13	A2	14	11	False	23.15701699256897
14	A2	15	11	False	24.75467109680176
15	A2	16	11	False	19.525798082351685
16	A2	17	11	False	18.88306212425232
17	A2	18	11	False	12.962975025177002
18	A2	19	11	False	13.807095050811768
19	A2	20	11	False	10.914459228515623
20	A2	21	11	False	9.523663997650146
21	A2	22	11	False	10.718163967132568
22	A2	23	11	False	2.235719919204712
23	A2	24	11	False	5.673989295959473
0	A2	1	12	True	52.01707696914673
1	A2	2	12	True	24.42872190475464
2	A2	3	12	False	0.3594298362731933
3	A2	4	12	False	13.6171293258667
4	A2	5	12	True	18.187066078186035
5	A2	6	12	True	24.391427040100098
6	A2	7	12	True	17.241415977478027
7	A2	8	12	True	18.979184865951535
8	A2	9	12	False	5.563797950744629
9	A2	10	12	False	3.205857753753662
10	A2	11	12	False	6.193284034729004
11	A2	12	12	True	22.035387754440308
12	A2	13	12	True	27.97574496269226
13	A2	14	12	True	22.33203101158142
14	A2	15	12	True	24.631335973739624
15	A2	16	12	True	27.31420087814331
16	A2	17	12	True	20.25635027885437
17	A2	18	12	False	6.168811559677124
18	A2	19	12	True	21.461771965026852
19	A2	20	12	True	315.7153890132904
20	A2	21	12	True	16.658170223236084
21	A2	22	12	False	8.253334045410156
22	A2	23	12	True	20.33523917198181
23	A2	24	12	True	12.683081150054932
0	A2	1	13	True	47.58091187477112
1	A2	2	13	True	22.117732048034668
2	A2	3	13	True	20.548567056655884
3	A2	4	13	True	21.74833297729492
4	A2	5	13	False	8.931058883666992
5	A2	6	13	True	21.90347695350647
6	A2	7	13	True	17.296298027038574
7	A2	8	13	True	17.99587392807007
8	A2	9	13	True	16.78264093399048
9	A2	10	13	True	13.675816297531128
10	A2	11	13	True	26.700865983963013
11	A2	12	13	False	4.432413339614868
12	A2	13	13	True	24.45130515098572
13	A2	14	13	True	23.00057601928711
14	A2	15	13	True	21.045892238616943
15	A2	16	13	True	23.957324981689453
16	A2	17	13	False	17.075146913528442
17	A2	18	13	True	23.452549934387207
18	A2	19	13	True	313.5429458618164
19	A2	20	13	True	19.95774984359741
20	A2	21	13	False	12.084315061569214
21	A2	22	13	True	12.682018041610718
22	A2	23	13	True	14.328619003295898
23	A2	24	13	True	14.192247152328491
0	A2	1	14	False	29.202955961227417
1	A2	2	14	True	33.920937061309814
2	A2	3	14	True	17.759767055511475
3	A2	4	14	True	24.96088004112244
4	A2	5	14	True	20.85719418525696
5	A2	6	14	True	23.927166223526
6	A2	7	14	True	24.993507862091064
7	A2	8	14	False	12.766406297683716
8	A2	9	14	True	24.10456085205078
9	A2	10	14	False	24.38485097885132
10	A2	11	14	True	21.506090879440308
11	A2	12	14	False	21.32666516304016
12	A2	13	14	True	27.073868989944454
13	A2	14	14	True	26.38690996170044
14	A2	15	14	True	22.90248394012451
15	A2	16	14	True	316.3659749031067
16	A2	17	14	True	21.324499130249023
17	A2	18	14	True	23.68137001991272
18	A2	19	14	False	4.696622133255005
19	A2	20	14	True	14.130465984344482
20	A2	21	14	False	6.915292978286743
21	A2	22	14	False	12.311479091644289
22	A2	23	14	True	11.163516998291016
23	A2	24	14	True	8.033322095870972
0	A2	1	15	True	47.77696895599365
1	A2	2	15	False	13.532025814056396
2	A2	3	15	False	13.83506202697754
3	A2	4	15	False	20.916558027267456
4	A2	5	15	False	18.82244992256165
5	A2	6	15	True	23.537508726119995
6	A2	7	15	True	14.952133893966677
7	A2	8	15	True	21.86441111564636
8	A2	9	15	True	22.63642907142639
9	A2	10	15	True	30.406158924102783
10	A2	11	15	True	28.370378017425537
11	A2	12	15	True	24.95592403411865
12	A2	13	15	True	26.96310806274414
13	A2	14	15	True	24.874617099761963
14	A2	15	15	True	20.38524699211121
15	A2	16	15	True	309.68478202819824
16	A2	17	15	False	11.784255027770996
17	A2	18	15	True	26.312515020370483
18	A2	19	15	False	7.761565923690796
19	A2	20	15	True	7.497647762298584
20	A2	21	15	True	11.074735164642334
21	A2	22	15	True	12.571913957595823
22	A2	23	15	True	10.78352689743042
23	A2	24	15	True	9.198958158493042
0	A2	1	16	True	38.89887475967407
1	A2	2	16	True	26.77202415466309
2	A2	3	16	True	19.442073822021484
3	A2	4	16	False	13.111814737319946
4	A2	5	16	True	18.020008087158203
5	A2	6	16	True	18.81528401374817
6	A2	7	16	False	14.462943077087402
7	A2	8	16	True	19.693769931793213
8	A2	9	16	False	16.854570865631104
9	A2	10	16	True	23.474711894989014
10	A2	11	16	True	28.522665977478027
11	A2	12	16	True	24.141192197799683
12	A2	13	16	True	26.78774309158325
13	A2	14	16	True	21.459097146987915
14	A2	15	16	True	21.959518909454346
15	A2	16	16	True	22.83924078941345
16	A2	17	16	True	22.181580066680908
17	A2	18	16	True	311.3814961910248
18	A2	19	16	True	21.7306969165802
19	A2	20	16	False	4.956862211227417
20	A2	21	16	False	4.657030344009399
21	A2	22	16	False	0.5225770473480225
22	A2	23	16	False	0.0061540603637695
23	A2	24	16	False	0.0099971294403076
0	A2	1	17	False	44.922951221466064
1	A2	2	17	False	18.428319215774536
2	A2	3	17	True	17.84648609161377
3	A2	4	17	True	22.438048124313354
4	A2	5	17	True	23.96165609359741
5	A2	6	17	True	24.821009874343872
6	A2	7	17	False	18.3804669380188
7	A2	8	17	False	11.101479053497314
8	A2	9	17	False	10.71923017501831
9	A2	10	17	False	606.4294669628143
10	A2	11	17	True	5.668112754821777
11	A2	12	17	False	1.0791170597076416
12	A2	13	17	False	0.5382959842681885
13	A2	14	17	False	2.260861873626709
14	A2	15	17	False	3.090481996536255
15	A2	16	17	True	4.23660683631897
16	A2	17	17	True	3.979430913925171
17	A2	18	17	True	2.992568254470825
18	A2	19	17	True	2.674945116043091
19	A2	20	17	True	2.4484758377075195
20	A2	21	17	True	2.0632309913635254
21	A2	22	17	False	0.5479030609130859
22	A2	23	17	False	0.994495153427124
23	A2	24	17	False	0.4214918613433838
0	A2	1	18	True	87.7779631614685
1	A2	2	18	False	9.859645128250122
2	A2	3	18	True	19.067176818847656
3	A2	4	18	True	25.500518083572388
4	A2	5	18	True	20.82357382774353
5	A2	6	18	True	19.701374292373657
6	A2	7	18	True	22.69585919380188
7	A2	8	18	True	25.486778020858765
8	A2	9	18	True	27.367156982421875
9	A2	10	18	True	27.42291903495789
10	A2	11	18	False	22.60083103179932
11	A2	12	18	True	18.80074906349182
12	A2	13	18	True	24.099268198013306
13	A2	14	18	False	13.813146829605104
14	A2	15	18	True	313.2793490886688
15	A2	16	18	False	16.340684175491333
16	A2	17	18	True	20.05548596382141
17	A2	18	18	False	4.824828147888184
18	A2	19	18	True	17.99172616004944
19	A2	20	18	True	12.77696704864502
20	A2	21	18	False	10.8934588432312
21	A2	22	18	False	4.234539985656738
22	A2	23	18	False	5.940219879150391
23	A2	24	18	False	7.587961912155151
0	A2	1	19	True	50.6777868270874
1	A2	2	19	True	22.855088233947757
2	A2	3	19	True	24.256237030029297
3	A2	4	19	True	25.23364806175232
4	A2	5	19	True	26.242642164230347
5	A2	6	19	True	27.25507926940918
6	A2	7	19	True	25.14490795135498
7	A2	8	19	False	3.3683888912200928
8	A2	9	19	False	5.363862037658691
9	A2	10	19	False	7.742000102996826
10	A2	11	19	True	24.98956799507141
11	A2	12	19	True	26.537117958068848
12	A2	13	19	False	5.45266580581665
13	A2	14	19	True	23.785622119903564
14	A2	15	19	True	20.86240291595459
15	A2	16	19	True	24.360685110092163
16	A2	17	19	True	22.07127022743225
17	A2	18	19	False	308.4579408168793
18	A2	19	19	False	20.01778292655945
19	A2	20	19	True	21.182719945907596
20	A2	21	19	True	16.152501821517944
21	A2	22	19	True	16.69313883781433
22	A2	23	19	False	4.5890419483184814
23	A2	24	19	False	3.908399820327759
0	A2	1	20	True	47.31785106658936
1	A2	2	20	False	11.196747779846191
2	A2	3	20	True	26.04675316810608
3	A2	4	20	False	9.362521171569824
4	A2	5	20	True	22.81659293174744
5	A2	6	20	True	21.497345685958862
6	A2	7	20	False	14.699753999710085
7	A2	8	20	True	23.313739776611328
8	A2	9	20	False	4.103164911270142
9	A2	10	20	True	28.38530898094177
10	A2	11	20	True	33.4174861907959
11	A2	12	20	False	6.284312963485718
12	A2	13	20	False	3.320812940597534
13	A2	14	20	True	30.54352211952209
14	A2	15	20	True	32.16152334213257
15	A2	16	20	True	27.109852075576782
16	A2	17	20	False	315.7991530895233
17	A2	18	20	True	19.21228313446045
18	A2	19	20	True	29.500211238861084
19	A2	20	20	False	3.12902307510376
20	A2	21	20	True	13.471587181091309
21	A2	22	20	False	1.7407760620117188
22	A2	23	20	False	2.7342867851257324
23	A2	24	20	False	3.02468490600586
0	A2	1	21	True	52.378849029541016
1	A2	2	21	True	20.50649690628052
2	A2	3	21	False	31.018885135650635
3	A2	4	21	False	9.774768114089966
4	A2	5	21	False	7.928878784179687
5	A2	6	21	False	5.4044389724731445
6	A2	7	21	False	16.435317993164062
7	A2	8	21	True	20.7973849773407
8	A2	9	21	True	28.629183053970337
9	A2	10	21	True	27.78765630722046
10	A2	11	21	True	26.9850869178772
11	A2	12	21	True	31.135231256484985
12	A2	13	21	True	31.93327689170837
13	A2	14	21	True	29.164362907409668
14	A2	15	21	False	14.5349760055542
15	A2	16	21	True	317.59077310562134
16	A2	17	21	True	22.88817811012268
17	A2	18	21	True	20.60712504386902
18	A2	19	21	True	12.442507982254028
19	A2	20	21	False	11.596843957901
20	A2	21	21	True	12.312772035598757
21	A2	22	21	True	14.186622381210327
22	A2	23	21	True	11.02634620666504
23	A2	24	21	True	11.64049220085144
0	A2	1	22	True	50.245617151260376
1	A2	2	22	False	8.597361087799072
2	A2	3	22	False	16.00143575668335
3	A2	4	22	False	13.997391939163208
4	A2	5	22	True	27.75371098518372
5	A2	6	22	False	14.00062108039856
6	A2	7	22	False	3.517426013946533
7	A2	8	22	False	12.844412803649902
8	A2	9	22	False	11.468148231506348
9	A2	10	22	False	8.070284128189087
10	A2	11	22	True	27.562079906463623
11	A2	12	22	False	23.95114588737488
12	A2	13	22	True	29.446979761123657
13	A2	14	22	True	29.28854870796204
14	A2	15	22	False	10.83937406539917
15	A2	16	22	True	30.182649850845337
16	A2	17	22	True	25.347556114196777
17	A2	18	22	True	314.77494192123413
18	A2	19	22	False	8.345754146575928
19	A2	20	22	False	18.027353286743164
20	A2	21	22	True	26.07520794868469
21	A2	22	22	True	17.01144814491272
22	A2	23	22	True	16.247586727142334
23	A2	24	22	True	12.110641241073608
0	A2	1	23	False	62.14675402641296
1	A2	2	23	True	51.98507499694824
2	A2	3	23	False	39.17296099662781
3	A2	4	23	True	36.153550148010254
4	A2	5	23	True	32.2487359046936
5	A2	6	23	True	26.64509987831116
6	A2	7	23	True	32.660032987594604
7	A2	8	23	False	16.866631031036377
8	A2	9	23	True	33.00984787940979
9	A2	10	23	True	321.1013550758362
10	A2	11	23	False	3.8602137565612793
11	A2	12	23	True	27.45297169685364
12	A2	13	23	True	26.280864000320435
13	A2	14	23	False	15.175282955169678
14	A2	15	23	False	8.46988320350647
15	A2	16	23	False	11.915452003479004
16	A2	17	23	True	12.48778486251831
17	A2	18	23	True	12.750141859054564
18	A2	19	23	True	11.82378101348877
19	A2	20	23	True	11.599509954452516
20	A2	21	23	False	4.051872968673706
21	A2	22	23	False	2.08585786819458
22	A2	23	23	False	1.8766491413116453
23	A2	24	23	False	0.0346128940582275
0	A2	1	24	True	53.20864510536194
1	A2	2	24	False	13.58937692642212
2	A2	3	24	False	26.11204409599304
3	A2	4	24	True	23.202754259109497
4	A2	5	24	True	27.473570108413696
5	A2	6	24	True	23.066577911376957
6	A2	7	24	False	10.728572130203249
7	A2	8	24	False	14.491997957229614
8	A2	9	24	False	1.0183711051940918
9	A2	10	24	False	1.0090548992156982
10	A2	11	24	True	34.19632196426392
11	A2	12	24	True	29.354590892791748
12	A2	13	24	True	33.149598836898804
13	A2	14	24	True	30.55964493751526
14	A2	15	24	True	24.359670877456665
15	A2	16	24	True	316.5315091609955
16	A2	17	24	False	2.9350409507751465
17	A2	18	24	True	22.929805994033813
18	A2	19	24	True	24.7470383644104
19	A2	20	24	True	12.649982929229736
20	A2	21	24	True	11.87687921524048
21	A2	22	24	False	11.364192008972168
22	A2	23	24	False	5.778594017028809
23	A2	24	24	False	5.809787750244141
0	A2	1	25	True	49.97065997123718
1	A2	2	25	False	19.325144052505493
2	A2	3	25	False	27.858275890350345
3	A2	4	25	True	24.892345190048218
4	A2	5	25	True	27.2032949924469
5	A2	6	25	True	25.12791919708252
6	A2	7	25	False	14.24272608757019
7	A2	8	25	False	91.24850416183472
8	A2	9	25	True	410.2186963558197
9	A2	10	25	True	18.88009119033813
10	A2	11	25	False	5.312200307846069
11	A2	12	25	False	8.771929025650024
12	A2	13	25	True	17.384377002716064
13	A2	14	25	True	13.029701948165894
14	A2	15	25	True	19.586748838424683
15	A2	16	25	True	12.64255690574646
16	A2	17	25	False	0.338555097579956
17	A2	18	25	False	4.652383089065552
18	A2	19	25	False	8.108590841293335
19	A2	20	25	False	3.968459129333496
20	A2	21	25	True	5.117595911026001
21	A2	22	25	True	3.977813959121704
22	A2	23	25	False	3.1666910648345947
23	A2	24	25	True	2.66162109375
0	A2	1	26	False	42.359604835510254
1	A2	2	26	True	35.14110493659973
2	A2	3	26	False	7.146059036254883
3	A2	4	26	True	31.71166300773621
4	A2	5	26	True	27.21680903434753
5	A2	6	26	False	24.718549013137817
6	A2	7	26	False	14.317721128463743
7	A2	8	26	True	40.93443775177002
8	A2	9	26	True	29.78599500656128
9	A2	10	26	True	33.31960606575012
10	A2	11	26	True	33.89208102226257
11	A2	12	26	True	31.056582927703857
12	A2	13	26	False	1.0351710319519043
13	A2	14	26	True	312.4173550605774
14	A2	15	26	True	24.155746936798096
15	A2	16	26	False	17.095263242721558
16	A2	17	26	True	19.120841026306152
17	A2	18	26	True	19.73296809196472
18	A2	19	26	True	9.945591926574709
19	A2	20	26	True	15.28741192817688
20	A2	21	26	True	12.76445484161377
21	A2	22	26	False	7.555567026138306
22	A2	23	26	True	7.13467812538147
23	A2	24	26	False	7.622686862945557
0	A2	1	27	False	49.85668992996216
1	A2	2	27	False	2.919004201889038
2	A2	3	27	False	5.573699235916138
3	A2	4	27	False	10.644232034683228
4	A2	5	27	False	21.108560800552368
5	A2	6	27	False	6.756453990936279
6	A2	7	27	False	7.624053001403809
7	A2	8	27	False	5.244527816772461
8	A2	9	27	True	33.82962107658386
9	A2	10	27	False	9.434462070465088
10	A2	11	27	False	32.0719530582428
11	A2	12	27	False	2.5069689750671387
12	A2	13	27	False	3.9888529777526855
13	A2	14	27	False	12.094584941864014
14	A2	15	27	False	1.99248480796814
15	A2	16	27	True	34.819921255111694
16	A2	17	27	False	17.27346897125244
17	A2	18	27	False	33.730844259262085
18	A2	19	27	False	18.319497108459476
19	A2	20	27	False	4.964091300964356
20	A2	21	27	True	32.89360523223877
21	A2	22	27	False	303.0004379749298
22	A2	23	27	False	4.863117218017578
23	A2	24	27	False	24.303401231765747
0	A2	1	28	False	51.876718044281006
1	A2	2	28	True	37.15235781669617
2	A2	3	28	True	104.3557949066162
3	A2	4	28	True	37.73919200897217
4	A2	5	28	True	35.7385847568512
5	A2	6	28	True	34.595158100128174
6	A2	7	28	False	12.137914896011353
7	A2	8	28	True	30.74337100982666
8	A2	9	28	False	5.420954942703247
9	A2	10	28	True	325.374165058136
10	A2	11	28	False	17.68376398086548
11	A2	12	28	True	16.68754482269287
12	A2	13	28	False	7.307510137557983
13	A2	14	28	False	10.062989234924316
14	A2	15	28	True	21.17715311050415
15	A2	16	28	False	8.363085269927979
16	A2	17	28	False	4.0020060539245605
17	A2	18	28	False	2.6021430492401123
18	A2	19	28	False	3.475584030151367
19	A2	20	28	False	2.6116039752960205
20	A2	21	28	False	3.0097789764404297
21	A2	22	28	False	2.618030071258545
22	A2	23	28	False	6.6470489501953125
23	A2	24	28	True	9.795614957809448
0	A2	1	29	True	53.93330407142639
1	A2	2	29	True	34.14182686805725
2	A2	3	29	False	16.838340759277344
3	A2	4	29	False	25.28058409690857
4	A2	5	29	True	33.66644310951233
5	A2	6	29	True	36.14061188697815
6	A2	7	29	False	26.515462160110477
7	A2	8	29	True	41.03852701187134
8	A2	9	29	False	3.199349880218506
9	A2	10	29	False	5.199687004089356
10	A2	11	29	False	3.3962857723236084
11	A2	12	29	True	29.33169889450073
12	A2	13	29	False	3.093888998031616
13	A2	14	29	False	6.36241626739502
14	A2	15	29	False	11.59211802482605
15	A2	16	29	False	321.1051592826843
16	A2	17	29	True	28.605923175811768
17	A2	18	29	False	22.206822872161865
18	A2	19	29	True	18.599462032318115
19	A2	20	29	True	22.138530015945435
20	A2	21	29	False	11.937833309173584
21	A2	22	29	False	14.563488006591797
22	A2	23	29	True	11.523875713348389
23	A2	24	29	False	9.25141978263855
0	A2	1	30	True	70.1110372543335
1	A2	2	30	False	18.31045889854431
2	A2	3	30	True	33.07700300216675
3	A2	4	30	True	35.54304099082947
4	A2	5	30	False	28.741271018981934
5	A2	6	30	True	38.642162799835205
6	A2	7	30	True	41.33582615852356
7	A2	8	30	True	40.82699990272522
8	A2	9	30	True	23.60157299041748
9	A2	10	30	False	15.75670075416565
10	A2	11	30	False	303.2111411094665
11	A2	12	30	False	1.887533903121948
12	A2	13	30	True	30.75968289375305
13	A2	14	30	True	24.58647584915161
14	A2	15	30	False	4.77439284324646
15	A2	16	30	True	18.20934510231018
16	A2	17	30	True	15.918390989303589
17	A2	18	30	False	2.032331943511963
18	A2	19	30	False	3.692502021789551
19	A2	20	30	False	10.532870292663574
20	A2	21	30	True	10.497111082077026
21	A2	22	30	False	1.4607560634613037
22	A2	23	30	False	8.951420783996582
23	A2	24	30	True	10.59591794013977
0	A2	1	31	False	27.65775680541992
1	A2	2	31	False	10.980982065200806
2	A2	3	31	False	33.64361596107483
3	A2	4	31	False	25.3544020652771
4	A2	5	31	True	31.60565185546875
5	A2	6	31	True	34.388633728027344
6	A2	7	31	False	9.139711141586304
7	A2	8	31	False	7.649506092071533
8	A2	9	31	False	8.515294075012207
9	A2	10	31	False	26.14677596092224
10	A2	11	31	False	10.426995038986206
11	A2	12	31	False	5.258860111236572
12	A2	13	31	True	33.76358079910278
13	A2	14	31	False	10.723484754562378
14	A2	15	31	True	33.37296271324158
15	A2	16	31	True	29.806419849395752
16	A2	17	31	True	320.40025329589844
17	A2	18	31	True	26.317464113235477
18	A2	19	31	False	12.202194929122925
19	A2	20	31	False	5.09574294090271
20	A2	21	31	False	6.743124008178711
21	A2	22	31	True	18.11493706703186
22	A2	23	31	True	19.13172912597656
23	A2	24	31	False	4.958606004714966
0	A2	1	32	True	59.10646605491638
1	A2	2	32	True	36.03179216384888
2	A2	3	32	False	3.1844170093536377
3	A2	4	32	True	33.170884132385254
4	A2	5	32	True	31.963770151138306
5	A2	6	32	False	30.10285377502441
6	A2	7	32	False	44.76832890510559
7	A2	8	32	False	24.794655084609985
8	A2	9	32	False	31.988565921783447
9	A2	10	32	True	37.83654189109802
10	A2	11	32	True	325.3523089885712
11	A2	12	32	True	29.036145210266117
12	A2	13	32	True	27.18689107894897
13	A2	14	32	False	12.210217237472534
14	A2	15	32	True	21.353374242782596
15	A2	16	32	False	11.619431972503662
16	A2	17	32	False	0.8318891525268555
17	A2	18	32	False	13.495335817337036
18	A2	19	32	False	0.817317008972168
19	A2	20	32	False	1.044680118560791
20	A2	21	32	True	12.909829139709473
21	A2	22	32	True	14.105100154876707
22	A2	23	32	False	0.0283699035644531
23	A2	24	32	True	6.448106050491333
0	A2	1	33	False	43.54401779174805
1	A2	2	33	False	19.062541246414185
2	A2	3	33	True	24.01183819770813
3	A2	4	33	True	39.339200019836426
4	A2	5	33	False	16.374999046325684
5	A2	6	33	False	16.206103086471558
6	A2	7	33	True	42.27664804458618
7	A2	8	33	True	44.68138003349304
8	A2	9	33	True	40.07110571861267
9	A2	10	33	True	37.396249294281006
10	A2	11	33	False	324.42075395584106
11	A2	12	33	False	12.85428786277771
12	A2	13	33	False	11.495216131210327
13	A2	14	33	False	16.897459983825684
14	A2	15	33	False	7.918454885482788
15	A2	16	33	False	7.711870908737183
16	A2	17	33	False	11.335550785064695
17	A2	18	33	True	19.205422163009644
18	A2	19	33	False	8.301100015640259
19	A2	20	33	True	17.867530822753906
20	A2	21	33	False	2.512537956237793
21	A2	22	33	False	4.959378957748413
22	A2	23	33	False	8.706419229507446
23	A2	24	33	False	9.111982107162476
0	A2	1	34	False	44.517958879470825
1	A2	2	34	False	22.804846048355103
2	A2	3	34	False	20.99148988723755
3	A2	4	34	False	17.507874727249146
4	A2	5	34	True	36.46872305870056
5	A2	6	34	False	36.86474967002869
6	A2	7	34	False	16.418100118637085
7	A2	8	34	False	34.32871103286743
8	A2	9	34	False	21.30888295173645
9	A2	10	34	True	41.9156379699707
10	A2	11	34	False	12.71161723136902
11	A2	12	34	False	4.039279222488403
12	A2	13	34	True	36.37492203712464
13	A2	14	34	False	323.16316199302673
14	A2	15	34	True	26.412853002548218
15	A2	16	34	True	28.871994972229004
16	A2	17	34	True	21.659974098205566
17	A2	18	34	False	6.982867956161499
18	A2	19	34	False	3.063561201095581
19	A2	20	34	False	6.288189888000488
20	A2	21	34	True	16.285140991210938
21	A2	22	34	False	9.24118185043335
22	A2	23	34	False	7.799705028533935
23	A2	24	34	False	10.132468938827516
0	A2	1	35	False	20.84449815750122
1	A2	2	35	False	19.160511016845703
2	A2	3	35	False	8.07231616973877
3	A2	4	35	False	23.84303116798401
4	A2	5	35	False	6.252217054367065
5	A2	6	35	False	20.715580224990845
6	A2	7	35	False	4.365232944488525
7	A2	8	35	False	5.181946754455566
8	A2	9	35	False	6.132526636123657
9	A2	10	35	False	6.478470087051392
10	A2	11	35	False	6.685234069824219
11	A2	12	35	False	15.066588163375854
12	A2	13	35	False	9.66346001625061
13	A2	14	35	False	8.862308979034424
14	A2	15	35	False	6.97291111946106
15	A2	16	35	False	8.866647958755493
16	A2	17	35	False	7.477203845977783
17	A2	18	35	False	6.204404830932617
18	A2	19	35	False	8.72538709640503
19	A2	20	35	False	9.400799989700316
20	A2	21	35	False	9.907798051834106
21	A2	22	35	False	15.713384866714478
22	A2	23	35	False	10.472695112228394
23	A2	24	35	False	21.46838402748108
0	A2	1	36	False	0.6565279960632324
1	A2	2	36	False	0.2718358039855957
2	A2	3	36	False	0.0061888694763183
3	A2	4	36	False	0.11810302734375
4	A2	5	36	False	0.0014641284942626
5	A2	6	36	False	0.000993013381958
6	A2	7	36	False	0.0068140029907226
7	A2	8	36	False	0.000993013381958
8	A2	9	36	False	0.0046329498291015
9	A2	10	36	False	0.4752931594848633
10	A2	11	36	False	0.2575898170471191
11	A2	12	36	False	0.0065207481384277
12	A2	13	36	False	0.3072688579559326
13	A2	14	36	False	0.2332379817962646
14	A2	15	36	False	0.2998120784759521
15	A2	16	36	False	0.001025915145874
16	A2	17	36	False	0.2549359798431396
17	A2	18	36	False	0.1111929416656494
18	A2	19	36	False	0.1709933280944824
19	A2	20	36	False	0.0777230262756347
20	A2	21	36	False	0.112433910369873
21	A2	22	36	False	0.2727348804473877
22	A2	23	36	False	0.1107420921325683
23	A2	24	36	False	0.2435979843139648
0	A2	1	37	False	19.748003005981445
1	A2	2	37	False	11.713576793670654
2	A2	3	37	False	15.500138998031616
3	A2	4	37	False	25.75917911529541
4	A2	5	37	False	6.739780902862549
5	A2	6	37	True	34.22295022010803
6	A2	7	37	False	15.98857808113098
7	A2	8	37	False	19.34563684463501
8	A2	9	37	False	18.100939750671387
9	A2	10	37	False	46.5923547744751
10	A2	11	37	False	36.67726278305054
11	A2	12	37	False	37.30832815170288
12	A2	13	37	True	36.24604797363281
13	A2	14	37	False	9.223551988601685
14	A2	15	37	False	302.5861387252808
15	A2	16	37	False	14.892359972000122
16	A2	17	37	False	16.777992963790894
17	A2	18	37	False	27.135215997695923
18	A2	19	37	False	11.670552968978882
19	A2	20	37	False	22.27005696296692
20	A2	21	37	False	6.885861158370972
21	A2	22	37	False	16.287260055541992
22	A2	23	37	True	13.602385997772217
23	A2	24	37	True	12.65476894378662
0	A2	1	38	False	11.785120964050291
1	A2	2	38	False	40.14681172370911
2	A2	3	38	True	35.74860095977783
3	A2	4	38	False	5.8504798412323
4	A2	5	38	False	9.53751277923584
5	A2	6	38	False	13.994559049606323
6	A2	7	38	False	34.46554684638977
7	A2	8	38	False	27.987614154815677
8	A2	9	38	False	16.046637058258057
9	A2	10	38	False	8.90721607208252
10	A2	11	38	True	34.1889967918396
11	A2	12	38	False	13.381383895874023
12	A2	13	38	True	43.91554307937622
13	A2	14	38	True	39.6007719039917
14	A2	15	38	False	1.4335570335388184
15	A2	16	38	True	325.26195311546326
16	A2	17	38	True	29.03945994377136
17	A2	18	38	True	15.739188194274902
18	A2	19	38	False	14.581171989440918
19	A2	20	38	False	5.536124229431152
20	A2	21	38	False	3.912400722503662
21	A2	22	38	False	5.563521146774292
22	A2	23	38	True	26.308087825775143
23	A2	24	38	True	12.364575147628784
0	A2	1	39	False	3.969269990921021
1	A2	2	39	False	0.0020010471343994
2	A2	3	39	False	0.0493340492248535
3	A2	4	39	False	0.2738959789276123
4	A2	5	39	False	0.6066272258758545
5	A2	6	39	False	0.1938560009002685
6	A2	7	39	False	0.0153899192810058
7	A2	8	39	False	0.2609040737152099
8	A2	9	39	False	0.0014021396636962
9	A2	10	39	False	0.0009427070617675
10	A2	11	39	False	0.3681840896606445
11	A2	12	39	False	0.0058367252349853
12	A2	13	39	False	0.113642930984497
13	A2	14	39	False	0.0510201454162597
14	A2	15	39	False	0.5937168598175049
15	A2	16	39	False	0.0265650749206542
16	A2	17	39	False	0.1331789493560791
17	A2	18	39	False	0.0008950233459472
18	A2	19	39	False	0.2211940288543701
19	A2	20	39	False	0.0401759147644043
20	A2	21	39	False	0.4102330207824707
21	A2	22	39	False	0.2086768150329589
22	A2	23	39	False	0.1306931972503662
23	A2	24	39	False	0.1543958187103271
0	A2	1	40	False	34.0579469203949
1	A2	2	40	False	15.05641484260559
2	A2	3	40	False	19.543921947479248
3	A2	4	40	False	11.184573888778688
4	A2	5	40	False	4.915173768997192
5	A2	6	40	False	10.90988063812256
6	A2	7	40	False	13.376574277877808
7	A2	8	40	False	14.434001922607422
8	A2	9	40	False	20.186980962753296
9	A2	10	40	False	21.26235294342041
10	A2	11	40	False	0.2116312980651855
11	A2	12	40	False	46.58866715431213
12	A2	13	40	True	46.3993079662323
13	A2	14	40	False	34.78909707069397
14	A2	15	40	True	31.376012802124023
15	A2	16	40	False	14.51195192337036
16	A2	17	40	False	5.783474922180176
17	A2	18	40	False	306.5284278392792
18	A2	19	40	False	0.9501099586486816
19	A2	20	40	False	3.850724697113037
20	A2	21	40	True	35.44221210479736
21	A2	22	40	False	6.274983167648315
22	A2	23	40	True	12.170434951782228
23	A2	24	40	False	20.768131971359253
0	A2	1	41	False	14.995254039764404
1	A2	2	41	True	34.945148944854736
2	A2	3	41	False	3.983074188232422
3	A2	4	41	False	15.373281717300417
4	A2	5	41	True	29.789565086364743
5	A2	6	41	False	8.361469984054565
6	A2	7	41	True	38.86674308776856
7	A2	8	41	False	3.2353670597076416
8	A2	9	41	False	11.041130065917969
9	A2	10	41	True	41.27110314369202
10	A2	11	41	False	4.0975751876831055
11	A2	12	41	True	37.31269001960754
12	A2	13	41	True	41.64974212646485
13	A2	14	41	False	18.02550292015076
14	A2	15	41	True	332.4738428592682
15	A2	16	41	False	17.05071783065796
16	A2	17	41	True	26.98591423034668
17	A2	18	41	False	15.60680890083313
18	A2	19	41	True	20.95727586746216
19	A2	20	41	True	20.854186058044437
20	A2	21	41	True	15.11363410949707
21	A2	22	41	False	8.943374872207642
22	A2	23	41	False	3.182321071624756
23	A2	24	41	False	7.168621778488159
0	A2	1	42	False	20.66402316093445
1	A2	2	42	False	10.691780090332031
2	A2	3	42	False	25.859069108963013
3	A2	4	42	True	35.152677059173584
4	A2	5	42	True	36.05388069152832
5	A2	6	42	False	19.572049856185917
6	A2	7	42	True	31.71765518188477
7	A2	8	42	False	28.25507140159607
8	A2	9	42	False	20.05815601348877
9	A2	10	42	False	20.3727810382843
10	A2	11	42	True	39.17402029037476
11	A2	12	42	False	32.88938593864441
12	A2	13	42	False	7.297283887863159
13	A2	14	42	False	313.55669617652893
14	A2	15	42	False	7.562786817550659
15	A2	16	42	False	3.486458778381348
16	A2	17	42	False	1.9096448421478271
17	A2	18	42	False	11.921392917633057
18	A2	19	42	True	30.053835153579712
19	A2	20	42	False	14.573170900344849
20	A2	21	42	True	14.020209789276125
21	A2	22	42	True	16.700026035308838
22	A2	23	42	True	16.71727991104126
23	A2	24	42	True	14.53844666481018
0	A2	1	43	False	38.76318788528442
1	A2	2	43	False	11.173585891723633
2	A2	3	43	False	6.194450855255127
3	A2	4	43	True	26.307268142700195
4	A2	5	43	False	1.5913410186767578
5	A2	6	43	False	14.903851985931396
6	A2	7	43	False	0.4486901760101318
7	A2	8	43	False	10.577861070632936
8	A2	9	43	False	10.284525871276855
9	A2	10	43	False	21.02574372291565
10	A2	11	43	False	64.91667890548706
11	A2	12	43	False	19.066209077835083
12	A2	13	43	True	43.48546504974365
13	A2	14	43	False	20.29508781433105
14	A2	15	43	True	36.61895394325256
15	A2	16	43	True	334.49278712272644
16	A2	17	43	False	9.902504920959473
17	A2	18	43	False	1.3074159622192385
18	A2	19	43	False	22.004320859909058
19	A2	20	43	True	17.637775182724
20	A2	21	43	False	7.528096914291382
21	A2	22	43	True	20.31999707221985
22	A2	23	43	True	20.20106101036072
23	A2	24	43	False	9.764883279800417
0	A2	1	44	False	42.67502188682556
1	A2	2	44	False	34.681540966033936
2	A2	3	44	False	21.31124711036682
3	A2	4	44	True	41.95564818382263
4	A2	5	44	False	15.392321109771729
5	A2	6	44	False	33.91943097114563
6	A2	7	44	False	21.46754789352417
7	A2	8	44	False	32.87537693977356
8	A2	9	44	False	3.86392879486084
9	A2	10	44	False	5.007507085800171
10	A2	11	44	False	21.157361030578613
11	A2	12	44	False	12.452476024627686
12	A2	13	44	False	21.50333905220032
13	A2	14	44	False	25.082666873931885
14	A2	15	44	False	3.533015012741089
15	A2	16	44	False	310.83428502082825
16	A2	17	44	True	32.93103289604187
17	A2	18	44	False	8.119331121444702
18	A2	19	44	True	23.39039087295532
19	A2	20	44	False	10.772854566574097
20	A2	21	44	False	20.04523801803589
21	A2	22	44	False	5.902813911437988
22	A2	23	44	True	18.331583976745605
23	A2	24	44	False	5.226963043212891
0	A2	1	45	False	34.965102195739746
1	A2	2	45	False	40.61264181137085
2	A2	3	45	True	45.53678107261658
3	A2	4	45	False	42.03193807601929
4	A2	5	45	False	33.266672134399414
5	A2	6	45	False	54.69754004478455
6	A2	7	45	False	3.143972158432007
7	A2	8	45	False	49.08873605728149
8	A2	9	45	False	17.167548179626465
9	A2	10	45	False	2.378972053527832
10	A2	11	45	False	2.566362142562866
11	A2	12	45	False	335.92367219924927
12	A2	13	45	True	36.858320236206055
13	A2	14	45	False	17.60130500793457
14	A2	15	45	False	14.417977094650269
15	A2	16	45	False	24.31815791130066
16	A2	17	45	False	17.70603585243225
17	A2	18	45	True	16.784738063812256
18	A2	19	45	False	5.21530294418335
19	A2	20	45	False	5.4276628494262695
20	A2	21	45	False	1.8699469566345213
21	A2	22	45	False	2.7555110454559326
22	A2	23	45	False	0.7385351657867432
23	A2	24	45	False	3.2533037662506104
0	A2	1	46	False	42.52995204925537
1	A2	2	46	False	12.28845191001892
2	A2	3	46	False	40.87803912162781
3	A2	4	46	False	8.240247011184692
4	A2	5	46	False	19.433669805526733
5	A2	6	46	False	37.68079113960266
6	A2	7	46	False	13.25222110748291
7	A2	8	46	False	21.577768325805664
8	A2	9	46	False	8.596574068069458
9	A2	10	46	False	19.23563003540039
10	A2	11	46	True	48.1840558052063
11	A2	12	46	False	5.799687147140503
12	A2	13	46	False	16.53391695022583
13	A2	14	46	False	2.839745044708252
14	A2	15	46	False	14.418370246887209
15	A2	16	46	False	11.348944902420044
16	A2	17	46	False	319.83725595474243
17	A2	18	46	False	3.796443700790405
18	A2	19	46	False	33.3276481628418
19	A2	20	46	False	15.367285013198853
20	A2	21	46	False	14.349377870559692
21	A2	22	46	True	23.702758073806763
22	A2	23	46	False	5.20012092590332
23	A2	24	46	False	8.598483800888062
0	A2	1	47	True	59.78748106956482
1	A2	2	47	False	4.30791711807251
2	A2	3	47	False	2.93100380897522
3	A2	4	47	False	34.62143087387085
4	A2	5	47	False	0.6999390125274658
5	A2	6	47	False	4.210797071456909
6	A2	7	47	False	20.40262222290039
7	A2	8	47	False	20.0422101020813
8	A2	9	47	True	45.272876024246216
9	A2	10	47	False	43.67086410522461
10	A2	11	47	True	51.64404821395874
11	A2	12	47	False	2.32633113861084
12	A2	13	47	False	0.1514439582824707
13	A2	14	47	True	38.57141089439392
14	A2	15	47	True	321.52094411849976
15	A2	16	47	False	7.622834205627441
16	A2	17	47	True	35.67403602600098
17	A2	18	47	False	19.807464838027958
18	A2	19	47	False	21.07450294494629
19	A2	20	47	True	20.150070190429688
20	A2	21	47	False	1.22694993019104
21	A2	22	47	True	14.662308692932127
22	A2	23	47	False	14.559968948364258
23	A2	24	47	False	1.940006971359253
0	A2	1	48	False	57.60469675064087
1	A2	2	48	False	23.008424758911133
2	A2	3	48	True	40.160764932632446
3	A2	4	48	False	37.79106998443604
4	A2	5	48	False	13.32548189163208
5	A2	6	48	False	21.814155101776123
6	A2	7	48	False	51.91884398460388
7	A2	8	48	False	28.19643998146057
8	A2	9	48	False	0.0291390419006347
9	A2	10	48	True	44.88815999031067
10	A2	11	48	False	332.29734659194946
11	A2	12	48	False	3.689233064651489
12	A2	13	48	False	4.478481769561768
13	A2	14	48	False	29.26516103744507
14	A2	15	48	True	28.53749680519104
15	A2	16	48	False	9.025286197662354
16	A2	17	48	False	4.908651113510132
17	A2	18	48	False	9.076985836029053
18	A2	19	48	False	5.999990940093994
19	A2	20	48	False	16.976084232330322
20	A2	21	48	False	7.860252857208252
21	A2	22	48	True	16.544224977493286
22	A2	23	48	False	8.235063791275024
23	A2	24	48	False	0.8617448806762695
0	A2	1	49	False	55.31939482688904
1	A2	2	49	False	37.53402280807495
2	A2	3	49	False	26.00248384475708
3	A2	4	49	False	23.841349124908447
4	A2	5	49	True	46.886982917785645
5	A2	6	49	True	72.02769613265991
6	A2	7	49	False	19.37729525566101
7	A2	8	49	False	4.307914018630981
8	A2	9	49	False	3.124466180801392
9	A2	10	49	False	31.91719388961792
10	A2	11	49	False	4.082498073577881
11	A2	12	49	False	3.847148180007935
12	A2	13	49	False	4.741267919540405
13	A2	14	49	False	4.188630104064941
14	A2	15	49	False	345.61376786231995
15	A2	16	49	False	13.892930030822754
16	A2	17	49	True	32.87793517112732
17	A2	18	49	False	12.11620831489563
18	A2	19	49	False	11.261334896087646
19	A2	20	49	False	14.505781888961792
20	A2	21	49	False	3.448113918304444
21	A2	22	49	False	15.56078815460205
22	A2	23	49	False	9.849570035934448
23	A2	24	49	False	0.0723578929901123
0	A2	1	50	False	33.10847806930542
1	A2	2	50	False	1.959067106246948
2	A2	3	50	False	20.486325979232788
3	A2	4	50	False	7.108829021453857
4	A2	5	50	False	20.53604292869568
5	A2	6	50	True	42.44574689865112
6	A2	7	50	True	43.535720109939575
7	A2	8	50	True	52.9944531917572
8	A2	9	50	False	21.88700580596924
9	A2	10	50	False	11.418169021606444
10	A2	11	50	False	20.536853075027462
11	A2	12	50	False	19.79716992378235
12	A2	13	50	False	1.4049451351165771
13	A2	14	50	False	19.565868854522705
14	A2	15	50	False	326.4904408454895
15	A2	16	50	False	6.391860008239746
16	A2	17	50	True	38.07222604751587
17	A2	18	50	True	23.208295106887817
18	A2	19	50	True	21.35503578186035
19	A2	20	50	False	0.8167858123779297
20	A2	21	50	True	18.06750798225403
21	A2	22	50	True	17.91410517692566
22	A2	23	50	False	7.557586908340454
23	A2	24	50	False	2.5714809894561768
0	A2	1	51	False	17.385788202285767
1	A2	2	51	False	7.434952974319458
2	A2	3	51	False	39.54152297973633
3	A2	4	51	False	6.371071815490723
4	A2	5	51	False	3.954976797103882
5	A2	6	51	False	2.2396240234375
6	A2	7	51	False	27.56220006942749
7	A2	8	51	False	4.147287130355835
8	A2	9	51	False	21.01427006721497
9	A2	10	51	False	0.0014629364013671
10	A2	11	51	False	0.001439094543457
11	A2	12	51	False	0.0012221336364746
12	A2	13	51	False	0.0010178089141845
13	A2	14	51	False	0.1276979446411132
14	A2	15	51	False	0.000906229019165
15	A2	16	51	False	0.3006420135498047
16	A2	17	51	False	0.0569322109222412
17	A2	18	51	False	0.0068500041961669
18	A2	19	51	False	0.0543489456176757
19	A2	20	51	False	0.0080468654632568
20	A2	21	51	False	0.0165967941284179
21	A2	22	51	False	0.0250060558319091
22	A2	23	51	False	0.040306806564331
23	A2	24	51	False	0.0085818767547607
0	A2	1	52	False	25.188477277755737
1	A2	2	52	False	4.870978116989136
2	A2	3	52	False	12.049308776855469
3	A2	4	52	True	40.45482802391052
4	A2	5	52	False	23.25021982192993
5	A2	6	52	True	46.224292039871216
6	A2	7	52	False	9.189048051834106
7	A2	8	52	False	37.998284101486206
8	A2	9	52	True	44.56402802467346
9	A2	10	52	True	49.236061096191406
10	A2	11	52	False	28.33131504058838
11	A2	12	52	True	327.80816674232483
12	A2	13	52	True	35.99182605743408
13	A2	14	52	False	13.701992273330688
14	A2	15	52	False	4.278233766555786
15	A2	16	52	True	24.51252293586731
16	A2	17	52	False	7.706379175186157
17	A2	18	52	False	8.387837171554565
18	A2	19	52	False	5.037153720855713
19	A2	20	52	False	2.674208879470825
20	A2	21	52	False	10.323255062103271
21	A2	22	52	False	3.681812047958374
22	A2	23	52	False	2.4728927612304688
23	A2	24	52	False	6.60075306892395
0	A2	1	53	False	42.53945589065552
1	A2	2	53	False	15.700791120529177
2	A2	3	53	False	22.618088960647583
3	A2	4	53	False	39.63149905204773
4	A2	5	53	True	44.6902768611908
5	A2	6	53	True	55.30927300453186
6	A2	7	53	False	31.2346510887146
7	A2	8	53	False	20.06520795822144
8	A2	9	53	True	47.49976396560669
9	A2	10	53	False	318.367635011673
10	A2	11	53	False	13.634432077407835
11	A2	12	53	True	36.79287791252136
12	A2	13	53	False	0.863865852355957
13	A2	14	53	False	0.0399999618530273
14	A2	15	53	False	0.0564899444580078
15	A2	16	53	False	0.0018219947814941
16	A2	17	53	False	0.0042469501495361
17	A2	18	53	False	0.0007388591766357
18	A2	19	53	False	0.0245130062103271
19	A2	20	53	False	0.000831127166748
20	A2	21	53	False	0.0008139610290527
21	A2	22	53	False	0.0007190704345703
22	A2	23	53	False	0.0013918876647949
23	A2	24	53	False	0.0103747844696044
0	A2	1	54	False	60.56755518913269
1	A2	2	54	False	23.55341100692749
2	A2	3	54	False	39.65518808364868
3	A2	4	54	False	24.19656205177307
4	A2	5	54	False	20.823877811431885
5	A2	6	54	False	48.11214780807495
6	A2	7	54	False	2.779529094696045
7	A2	8	54	False	5.600360155105591
8	A2	9	54	False	3.26883602142334
9	A2	10	54	False	35.913604974746704
10	A2	11	54	False	44.69616222381592
11	A2	12	54	True	338.58887910842896
12	A2	13	54	True	44.57997083663941
13	A2	14	54	False	4.807950019836426
14	A2	15	54	True	28.36252498626709
15	A2	16	54	False	0.0736651420593261
16	A2	17	54	False	0.0302531719207763
17	A2	18	54	False	2.730386257171631
18	A2	19	54	False	2.8147411346435547
19	A2	20	54	False	19.48556113243103
20	A2	21	54	False	5.009066104888916
21	A2	22	54	False	4.566830158233643
22	A2	23	54	False	2.323812961578369
23	A2	24	54	False	6.67078709602356
0	A2	1	55	False	12.141321897506714
1	A2	2	55	False	30.44389605522156
2	A2	3	55	False	34.569154024124146
3	A2	4	55	False	27.20162320137024
4	A2	5	55	False	32.90631866455078
5	A2	6	55	False	0.4727799892425537
6	A2	7	55	False	18.729915857315063
7	A2	8	55	False	21.1712110042572
8	A2	9	55	False	1.870973825454712
9	A2	10	55	True	62.0242121219635
10	A2	11	55	False	4.980362892150879
11	A2	12	55	False	23.11195182800293
12	A2	13	55	False	36.26258087158203
13	A2	14	55	False	8.269365072250366
14	A2	15	55	False	327.60920095443726
15	A2	16	55	False	17.966980934143066
16	A2	17	55	False	12.92212700843811
17	A2	18	55	False	4.353221893310547
18	A2	19	55	False	24.181292057037357
19	A2	20	55	False	13.9877769947052
20	A2	21	55	False	20.810317993164062
21	A2	22	55	False	12.103963136672974
22	A2	23	55	False	11.62240481376648
23	A2	24	55	False	0.2114558219909668
0	A2	1	56	False	20.574308156967163
1	A2	2	56	False	23.821451902389526
2	A2	3	56	False	20.019327878952023
3	A2	4	56	False	14.98384404182434
4	A2	5	56	False	0.4262518882751465
5	A2	6	56	False	0.0146980285644531
6	A2	7	56	False	0.0021979808807373
7	A2	8	56	False	0.0026628971099853
8	A2	9	56	False	0.0033028125762939
9	A2	10	56	False	0.0022909641265869
10	A2	11	56	False	0.0037713050842285
11	A2	12	56	False	0.0022709369659423
12	A2	13	56	False	0.0160460472106933
13	A2	14	56	False	0.0049028396606445
14	A2	15	56	False	0.0030241012573242
15	A2	16	56	False	0.0034799575805664
16	A2	17	56	False	0.1051080226898193
17	A2	18	56	False	0.1892611980438232
18	A2	19	56	False	0.0584888458251953
19	A2	20	56	False	0.2119600772857666
20	A2	21	56	False	0.182121992111206
21	A2	22	56	False	0.1445240974426269
22	A2	23	56	False	0.0383977890014648
23	A2	24	56	False	0.000931978225708
0	A2	1	57	False	13.786187171936035
1	A2	2	57	True	58.69747686386109
2	A2	3	57	True	39.26817202568054
3	A2	4	57	False	10.474430322647097
4	A2	5	57	False	42.34108281135559
5	A2	6	57	False	39.67153978347778
6	A2	7	57	False	17.06630301475525
7	A2	8	57	False	11.225084781646729
8	A2	9	57	False	21.72976589202881
9	A2	10	57	False	16.700572967529297
10	A2	11	57	False	9.952677965164185
11	A2	12	57	False	16.763826847076416
12	A2	13	57	True	340.4606258869171
13	A2	14	57	True	49.27125787734985
14	A2	15	57	False	12.977377891540527
15	A2	16	57	False	7.84950590133667
16	A2	17	57	True	24.888860940933228
17	A2	18	57	False	10.241671085357666
18	A2	19	57	False	7.02674412727356
19	A2	20	57	False	0.0375599861145019
20	A2	21	57	False	4.336972951889038
21	A2	22	57	False	4.255926132202148
22	A2	23	57	False	8.28988003730774
23	A2	24	57	True	17.63619589805603
0	A2	1	58	False	39.1614511013031
1	A2	2	58	False	9.594549655914308
2	A2	3	58	False	32.42794680595398
3	A2	4	58	False	4.14690375328064
4	A2	5	58	False	0.1943221092224121
5	A2	6	58	False	0.0576148033142089
6	A2	7	58	False	0.0523791313171386
7	A2	8	58	False	0.0332298278808593
8	A2	9	58	False	0.3319029808044433
9	A2	10	58	False	0.0030181407928466
10	A2	11	58	False	0.2138621807098388
11	A2	12	58	False	0.0816099643707275
12	A2	13	58	False	0.0047616958618164
13	A2	14	58	False	0.0038769245147705
14	A2	15	58	False	0.2449653148651123
15	A2	16	58	False	0.0101282596588134
16	A2	17	58	False	0.002352237701416
17	A2	18	58	False	0.0045630931854248
18	A2	19	58	False	0.0402379035949707
19	A2	20	58	False	0.1812598705291748
20	A2	21	58	False	0.0285029411315917
21	A2	22	58	False	0.016366958618164
22	A2	23	58	False	0.0060677528381347
23	A2	24	58	False	0.0762472152709961
0	A2	1	59	False	56.61014103889465
1	A2	2	59	False	36.82657790184021
2	A2	3	59	False	25.144718170166016
3	A2	4	59	False	44.77965617179871
4	A2	5	59	False	51.97593593597412
5	A2	6	59	False	24.28966522216797
6	A2	7	59	False	26.58895492553711
7	A2	8	59	False	23.981180906295776
8	A2	9	59	True	345.67894196510315
9	A2	10	59	False	17.124273777008057
10	A2	11	59	False	39.309741258621216
11	A2	12	59	False	21.818915843963623
12	A2	13	59	True	25.11935496330261
13	A2	14	59	False	17.601346015930176
14	A2	15	59	False	5.3384108543396
15	A2	16	59	False	13.007200002670288
16	A2	17	59	False	1.0182478427886963
17	A2	18	59	False	10.688712120056152
18	A2	19	59	False	1.2329471111297607
19	A2	20	59	False	3.631160259246826
20	A2	21	59	False	1.0211420059204102
21	A2	22	59	False	1.141023874282837
22	A2	23	59	False	3.2354660034179688
23	A2	24	59	False	3.4708168506622314
0	A2	1	60	True	54.033636808395386
1	A2	2	60	True	37.64875626564026
2	A2	3	60	False	32.980714082717896
3	A2	4	60	False	7.764257907867432
4	A2	5	60	False	17.48364782333374
5	A2	6	60	False	43.49153113365173
6	A2	7	60	True	59.59965205192566
7	A2	8	60	False	37.125354051589966
8	A2	9	60	False	30.195570945739743
9	A2	10	60	False	310.90403509140015
10	A2	11	60	False	36.86287927627564
11	A2	12	60	True	27.28226900100708
12	A2	13	60	False	6.2056968212127686
13	A2	14	60	False	12.976473808288574
14	A2	15	60	False	10.566293001174929
15	A2	16	60	False	13.28318214416504
16	A2	17	60	False	10.608461141586304
17	A2	18	60	False	9.318280935287476
18	A2	19	60	False	14.15848994255066
19	A2	20	60	True	8.719797134399414
20	A2	21	60	False	0.0041601657867431
21	A2	22	60	False	0.0040056705474853
22	A2	23	60	False	0.001162052154541
23	A2	24	60	False	0.0113131999969482
0	A2	1	61	True	48.78867316246033
1	A2	2	61	False	32.22307205200195
2	A2	3	61	False	5.9637291431427
3	A2	4	61	False	16.3125901222229
4	A2	5	61	False	11.481492042541504
5	A2	6	61	False	2.766345977783203
6	A2	7	61	True	47.08302402496338
7	A2	8	61	True	61.97239804267883
8	A2	9	61	False	2.1201541423797607
9	A2	10	61	False	26.57277584075928
10	A2	11	61	False	6.08332109451294
11	A2	12	61	False	21.556612253189087
12	A2	13	61	False	25.9022319316864
13	A2	14	61	True	336.8649032115936
14	A2	15	61	False	3.626783847808838
15	A2	16	61	False	3.443796157836914
16	A2	17	61	False	0.3168680667877197
17	A2	18	61	False	0.0010051727294921
18	A2	19	61	False	0.0028419494628906
19	A2	20	61	False	0.0019466876983642
20	A2	21	61	False	0.0022239685058593
21	A2	22	61	False	0.0014288425445556
22	A2	23	61	False	0.0028390884399414
23	A2	24	61	False	0.0018460750579833
0	A2	1	62	True	80.30494022369385
1	A2	2	62	False	7.611420154571533
2	A2	3	62	False	69.08467507362366
3	A2	4	62	False	5.849602699279785
4	A2	5	62	False	91.9625039100647
5	A2	6	62	False	22.11014413833618
6	A2	7	62	False	52.59773063659668
7	A2	8	62	False	319.66248965263367
8	A2	9	62	False	35.63621497154236
9	A2	10	62	False	25.8657329082489
10	A2	11	62	False	28.526371002197266
11	A2	12	62	False	15.718806028366089
12	A2	13	62	False	0.7961649894714355
13	A2	14	62	False	2.9138200283050537
14	A2	15	62	False	1.3286099433898926
15	A2	16	62	False	11.482633113861084
16	A2	17	62	False	1.6952900886535645
17	A2	18	62	False	3.553040742874145
18	A2	19	62	False	11.050617694854736
19	A2	20	62	True	9.446731805801392
20	A2	21	62	False	1.100830078125
21	A2	22	62	False	1.1255297660827637
22	A2	23	62	False	1.3279352188110352
23	A2	24	62	False	0.668766975402832
0	A2	1	63	False	17.59496307373047
1	A2	2	63	False	39.137738943099976
2	A2	3	63	False	15.539437055587769
3	A2	4	63	True	47.23344802856445
4	A2	5	63	False	40.36611294746399
5	A2	6	63	False	3.870819091796875
6	A2	7	63	False	2.4462170600891118
7	A2	8	63	False	14.442039966583252
8	A2	9	63	False	4.6940598487854
9	A2	10	63	False	56.91861414909363
10	A2	11	63	False	5.989758253097534
11	A2	12	63	False	10.335433959960938
12	A2	13	63	False	23.600027799606323
13	A2	14	63	False	31.443597078323364
14	A2	15	63	False	343.0776116847992
15	A2	16	63	True	73.96231722831726
16	A2	17	63	False	4.35846209526062
17	A2	18	63	False	2.667649984359741
18	A2	19	63	False	32.01704001426697
19	A2	20	63	False	0.465562105178833
20	A2	21	63	False	0.0117590427398681
21	A2	22	63	False	0.0120699405670166
22	A2	23	63	False	0.061018943786621
23	A2	24	63	False	0.001904010772705
0	A2	1	64	False	43.839219093322754
1	A2	2	64	False	11.898960828781128
2	A2	3	64	False	34.118911027908325
3	A2	4	64	False	16.951587200164795
4	A2	5	64	False	12.97926902770996
5	A2	6	64	False	45.73098707199097
6	A2	7	64	False	21.94629979133606
7	A2	8	64	False	8.710658073425293
8	A2	9	64	False	2.509060859680176
9	A2	10	64	False	54.83339977264404
10	A2	11	64	False	0.0018081665039062
11	A2	12	64	False	0.1920299530029297
12	A2	13	64	False	0.0047969818115234
13	A2	14	64	False	0.0042908191680908
14	A2	15	64	False	0.0023181438446044
15	A2	16	64	False	0.0100908279418945
16	A2	17	64	False	0.0029098987579345
17	A2	18	64	False	0.0014491081237792
18	A2	19	64	False	0.0020081996917724
19	A2	20	64	False	0.0019969940185546
20	A2	21	64	False	0.0332400798797607
21	A2	22	64	False	0.0108051300048828
22	A2	23	64	False	0.0486598014831543
23	A2	24	64	False	0.053272008895874
0	A2	1	65	True	56.448941230773926
1	A2	2	65	True	43.29266691207886
2	A2	3	65	False	16.641005754470825
3	A2	4	65	True	48.82559585571289
4	A2	5	65	False	8.431512832641602
5	A2	6	65	False	24.446792125701904
6	A2	7	65	False	12.960762977600098
7	A2	8	65	False	46.9109411239624
8	A2	9	65	True	58.20555400848389
9	A2	10	65	False	9.346747875213625
10	A2	11	65	False	317.3259611129761
11	A2	12	65	False	24.233439922332764
12	A2	13	65	False	21.66008496284485
13	A2	14	65	False	1.145524024963379
14	A2	15	65	False	10.88094425201416
15	A2	16	65	False	0.0388019084930419
16	A2	17	65	False	13.454007148742676
17	A2	18	65	True	27.066338777542114
18	A2	19	65	False	6.0529069900512695
19	A2	20	65	False	15.54276204109192
20	A2	21	65	True	17.29684281349182
21	A2	22	65	False	3.205392837524414
22	A2	23	65	False	3.855311155319214
23	A2	24	65	False	2.095741033554077
0	A2	1	66	False	30.910686016082764
1	A2	2	66	False	25.177109003067017
2	A2	3	66	False	15.823044776916504
3	A2	4	66	False	23.39651989936829
4	A2	5	66	False	20.57450079917908
5	A2	6	66	False	40.244460105896
6	A2	7	66	False	31.010364055633545
7	A2	8	66	False	31.59769296646118
8	A2	9	66	False	49.07203388214111
9	A2	10	66	True	56.44356894493103
10	A2	11	66	False	16.48466420173645
11	A2	12	66	False	313.8105218410492
12	A2	13	66	False	23.043853998184204
13	A2	14	66	False	26.09966492652893
14	A2	15	66	False	0.9510290622711182
15	A2	16	66	False	31.460567712783813
16	A2	17	66	False	19.442827701568604
17	A2	18	66	False	12.341901063919067
18	A2	19	66	False	2.372337818145752
19	A2	20	66	False	2.793168783187866
20	A2	21	66	False	4.40630316734314
21	A2	22	66	False	2.740262985229492
22	A2	23	66	False	2.433724880218506
23	A2	24	66	False	3.846837043762207
0	A2	1	67	False	4.066969633102417
1	A2	2	67	False	38.07146096229553
2	A2	3	67	False	25.31591010093689
3	A2	4	67	False	7.647407054901123
4	A2	5	67	False	13.112298965454102
5	A2	6	67	False	8.16588282585144
6	A2	7	67	False	8.599032163619995
7	A2	8	67	False	42.48418188095093
8	A2	9	67	False	34.30814790725708
9	A2	10	67	False	3.364820003509521
10	A2	11	67	True	64.99436593055725
11	A2	12	67	False	10.100974082946776
12	A2	13	67	True	52.21086573600769
13	A2	14	67	False	332.766028881073
14	A2	15	67	False	8.613942623138428
15	A2	16	67	False	5.211979866027832
16	A2	17	67	False	12.195909261703491
17	A2	18	67	False	5.775317668914795
18	A2	19	67	False	4.030450344085693
19	A2	20	67	False	10.86896514892578
20	A2	21	67	True	28.38997292518616
21	A2	22	67	True	29.105218172073364
22	A2	23	67	False	15.81069803237915
23	A2	24	67	False	4.132799863815308
0	A2	1	68	False	74.34055399894714
1	A2	2	68	False	107.83809471130373
2	A2	3	68	False	25.82911705970764
3	A2	4	68	False	46.14844608306885
4	A2	5	68	False	38.30682516098023
5	A2	6	68	False	5.519178152084351
6	A2	7	68	False	12.394127130508425
7	A2	8	68	False	323.2459270954132
8	A2	9	68	False	6.230321884155273
9	A2	10	68	False	10.982335090637209
10	A2	11	68	False	31.977242708206177
11	A2	12	68	False	19.62153005599976
12	A2	13	68	False	16.02833580970764
13	A2	14	68	True	22.17314100265503
14	A2	15	68	False	13.281920909881592
15	A2	16	68	False	3.991239309310913
16	A2	17	68	False	12.212006092071531
17	A2	18	68	False	2.296720027923584
18	A2	19	68	False	6.559944152832031
19	A2	20	68	False	6.011389255523682
20	A2	21	68	False	3.2290709018707275
21	A2	22	68	False	1.138560771942139
22	A2	23	68	False	0.8416330814361572
23	A2	24	68	False	0.5374698638916016
0	A2	1	69	False	33.55608415603638
1	A2	2	69	False	48.16789102554321
2	A2	3	69	False	25.53880906105041
3	A2	4	69	False	52.93650984764099
4	A2	5	69	False	10.973638772964478
5	A2	6	69	True	72.63813877105713
6	A2	7	69	False	18.745952129364014
7	A2	8	69	False	10.10811996459961
8	A2	9	69	False	18.10128402709961
9	A2	10	69	False	36.516549825668335
10	A2	11	69	False	311.35124683380127
11	A2	12	69	False	14.714811086654665
12	A2	13	69	False	21.24793791770935
13	A2	14	69	False	5.305206060409546
14	A2	15	69	False	28.550721168518063
15	A2	16	69	False	15.194714069366457
16	A2	17	69	False	22.959410905838013
17	A2	18	69	False	3.553147077560425
18	A2	19	69	True	17.834120273590088
19	A2	20	69	False	8.612562894821167
20	A2	21	69	False	5.48122501373291
21	A2	22	69	False	2.634891986846924
22	A2	23	69	False	1.2981460094451904
23	A2	24	69	True	5.153391122817993
0	A2	1	70	False	23.493833303451535
1	A2	2	70	False	10.284665822982788
2	A2	3	70	False	0.0131587982177734
3	A2	4	70	False	0.0012071132659912
4	A2	5	70	False	0.0015931129455566
5	A2	6	70	False	0.0010039806365966
6	A2	7	70	False	0.0007658004760742
7	A2	8	70	False	0.0016300678253173
8	A2	9	70	False	0.0007581710815429
9	A2	10	70	False	0.0011858940124511
10	A2	11	70	False	0.0013380050659179
11	A2	12	70	False	0.0014340877532958
12	A2	13	70	False	0.0016469955444335
13	A2	14	70	False	0.0007002353668212
14	A2	15	70	False	0.0023438930511474
15	A2	16	70	False	0.0014216899871826
16	A2	17	70	False	0.0008599758148193
17	A2	18	70	False	0.0013759136199951
18	A2	19	70	False	0.0015361309051513
19	A2	20	70	False	0.0009310245513916
20	A2	21	70	False	0.000849962234497
21	A2	22	70	False	0.0012900829315185
22	A2	23	70	False	0.001086950302124
23	A2	24	70	False	0.0007140636444091
0	A2	1	71	False	15.233088970184326
1	A2	2	71	False	3.0227267742156982
2	A2	3	71	False	5.555881977081299
3	A2	4	71	False	6.853219985961914
4	A2	5	71	False	19.13486409187317
5	A2	6	71	False	9.392432689666748
6	A2	7	71	False	46.02736210823059
7	A2	8	71	False	12.061763048171995
8	A2	9	71	False	53.742331981658936
9	A2	10	71	False	44.64196085929871
10	A2	11	71	False	6.476927995681763
11	A2	12	71	False	49.78939628601074
12	A2	13	71	False	5.196043968200684
13	A2	14	71	False	5.212695121765137
14	A2	15	71	True	351.8625400066376
15	A2	16	71	False	28.8089439868927
16	A2	17	71	False	31.165482997894287
17	A2	18	71	True	26.705092906951904
18	A2	19	71	False	15.976434230804443
19	A2	20	71	False	7.921284198760986
20	A2	21	71	False	11.433764934539797
21	A2	22	71	False	8.46231484413147
22	A2	23	71	False	10.72811794281006
23	A2	24	71	False	3.18392276763916
0	A2	1	72	False	13.072083234786987
1	A2	2	72	False	18.39643812179565
2	A2	3	72	False	14.49409294128418
3	A2	4	72	True	56.19560074806213
4	A2	5	72	False	16.617579698562622
5	A2	6	72	False	33.092768907547
6	A2	7	72	False	16.774198055267334
7	A2	8	72	False	28.891976833343502
8	A2	9	72	False	38.69557094573975
9	A2	10	72	False	63.051567792892456
10	A2	11	72	False	9.559843063354492
11	A2	12	72	False	10.140406131744385
12	A2	13	72	False	333.2763001918793
13	A2	14	72	False	14.860028982162476
14	A2	15	72	False	5.301199674606323
15	A2	16	72	False	10.350918292999268
16	A2	17	72	False	21.137113094329838
17	A2	18	72	False	4.888328075408936
18	A2	19	72	True	25.04149794578552
19	A2	20	72	False	15.92847180366516
20	A2	21	72	False	1.7035748958587646
21	A2	22	72	False	5.587695837020874
22	A2	23	72	False	14.989084959030151
23	A2	24	72	True	8.409447193145752
0	A2	1	73	False	10.295472860336304
1	A2	2	73	False	3.089754104614258
2	A2	3	73	False	2.1080000400543213
3	A2	4	73	True	61.74834299087525
4	A2	5	73	True	64.77519178390503
5	A2	6	73	True	74.96191310882568
6	A2	7	73	False	31.578004837036133
7	A2	8	73	False	26.026824951171875
8	A2	9	73	False	1.7752888202667236
9	A2	10	73	False	5.441343069076538
10	A2	11	73	False	12.845989227294922
11	A2	12	73	False	6.34255576133728
12	A2	13	73	False	331.28920125961304
13	A2	14	73	False	7.505275011062622
14	A2	15	73	False	0.3787219524383545
15	A2	16	73	False	6.503353118896484
16	A2	17	73	False	33.140562772750854
17	A2	18	73	False	0.0586638450622558
18	A2	19	73	True	55.21994590759277
19	A2	20	73	False	9.153441905975342
20	A2	21	73	False	18.475404024124146
21	A2	22	73	False	3.0538387298583984
22	A2	23	73	False	3.102975845336914
23	A2	24	73	False	4.402432918548584
0	A2	1	74	True	66.29997420310974
1	A2	2	74	False	72.1108820438385
2	A2	3	74	False	39.02769923210144
3	A2	4	74	False	7.10273289680481
4	A2	5	74	False	6.977591037750244
5	A2	6	74	False	58.66118502616882
6	A2	7	74	False	3.2615578174591064
7	A2	8	74	False	9.671587944030762
8	A2	9	74	False	6.2602269649505615
9	A2	10	74	True	358.0461299419403
10	A2	11	74	False	27.57420516014099
11	A2	12	74	False	26.659645795822144
12	A2	13	74	False	4.92733907699585
13	A2	14	74	False	13.26349711418152
14	A2	15	74	True	28.75279211997986
15	A2	16	74	False	13.68040919303894
16	A2	17	74	False	13.332147121429443
17	A2	18	74	False	5.562696933746338
18	A2	19	74	False	3.3315792083740234
19	A2	20	74	False	5.150813817977905
20	A2	21	74	False	1.209282159805298
21	A2	22	74	False	5.845710039138794
22	A2	23	74	False	0.8649981021881104
23	A2	24	74	False	0.4713051319122314
0	A2	1	75	False	15.189082145690918
1	A2	2	75	False	33.065069913864136
2	A2	3	75	False	24.10243010520935
3	A2	4	75	False	3.942157745361328
4	A2	5	75	True	53.2076301574707
5	A2	6	75	True	73.07424783706665
6	A2	7	75	False	15.77643609046936
7	A2	8	75	False	37.1767737865448
8	A2	9	75	False	14.619508981704712
9	A2	10	75	False	14.918529987335203
10	A2	11	75	False	1.0693843364715576
11	A2	12	75	False	26.730562925338745
12	A2	13	75	False	2.470872640609741
13	A2	14	75	False	313.6147329807281
14	A2	15	75	False	0.5860188007354736
15	A2	16	75	False	2.529195070266724
16	A2	17	75	False	25.36147809028625
17	A2	18	75	False	14.885359048843384
18	A2	19	75	False	15.281651973724363
19	A2	20	75	False	10.580925941467283
20	A2	21	75	False	11.853997230529783
21	A2	22	75	False	3.954183340072632
22	A2	23	75	False	17.118247985839844
23	A2	24	75	True	24.175665140151978
0	A2	1	76	False	32.547208070755005
1	A2	2	76	False	7.753412961959839
2	A2	3	76	False	43.02178716659546
3	A2	4	76	True	50.81882429122925
4	A2	5	76	False	16.45541787147522
5	A2	6	76	False	59.289644956588745
6	A2	7	76	False	38.6234769821167
7	A2	8	76	False	18.301482915878296
8	A2	9	76	False	17.06235694885254
9	A2	10	76	False	339.9772992134094
10	A2	11	76	False	14.840433835983276
11	A2	12	76	False	23.73895788192749
12	A2	13	76	False	43.93675112724304
13	A2	14	76	False	10.54047179222107
14	A2	15	76	False	17.842384815216064
15	A2	16	76	False	7.9885101318359375
16	A2	17	76	False	3.996010065078736
17	A2	18	76	False	10.389675855636597
18	A2	19	76	False	11.301291942596436
19	A2	20	76	False	10.807892084121704
20	A2	21	76	False	2.931753396987915
21	A2	22	76	False	1.5962128639221191
22	A2	23	76	False	1.0927209854125977
23	A2	24	76	True	4.564456939697266
0	A2	1	77	True	75.64630818367004
1	A2	2	77	False	19.16221117973328
2	A2	3	77	True	62.70210599899292
3	A2	4	77	False	79.18933916091919
4	A2	5	77	False	16.92954993247986
5	A2	6	77	False	3.989957809448242
6	A2	7	77	False	34.09729599952698
7	A2	8	77	False	10.986286163330078
8	A2	9	77	False	342.846275806427
9	A2	10	77	False	10.87549901008606
10	A2	11	77	False	36.734392166137695
11	A2	12	77	False	16.83798098564148
12	A2	13	77	False	9.157278060913086
13	A2	14	77	False	1.9252705574035645
14	A2	15	77	False	6.746953964233398
15	A2	16	77	False	5.035830020904541
16	A2	17	77	False	9.42442512512207
17	A2	18	77	False	2.521427869796753
18	A2	19	77	False	2.9089949131011963
19	A2	20	77	False	3.4370269775390625
20	A2	21	77	False	4.28657603263855
21	A2	22	77	False	4.241377115249634
22	A2	23	77	False	4.19607400894165
23	A2	24	77	False	2.282515048980713
0	A2	1	78	False	33.23281383514404
1	A2	2	78	False	21.54566717147827
2	A2	3	78	False	7.889235973358154
3	A2	4	78	False	8.036879062652588
4	A2	5	78	False	3.5339038372039795
5	A2	6	78	False	12.910911798477173
6	A2	7	78	False	6.1670098304748535
7	A2	8	78	False	31.96377205848694
8	A2	9	78	False	49.20845580101013
9	A2	10	78	False	1.6728129386901855
10	A2	11	78	False	0.0480961799621582
11	A2	12	78	False	0.0229339599609375
12	A2	13	78	False	0.0076901912689208
13	A2	14	78	False	0.068721055984497
14	A2	15	78	False	0.0012481212615966
15	A2	16	78	False	0.0084271430969238
16	A2	17	78	False	0.1352570056915283
17	A2	18	78	False	0.128307819366455
18	A2	19	78	False	0.0155591964721679
19	A2	20	78	False	0.004969835281372
20	A2	21	78	False	0.0100371837615966
21	A2	22	78	False	0.0179810523986816
22	A2	23	78	False	0.2956089973449707
23	A2	24	78	False	0.0484993457794189
0	A2	1	79	False	22.38396906852722
1	A2	2	79	False	25.33905792236328
2	A2	3	79	False	5.429757833480835
3	A2	4	79	False	11.971513032913208
4	A2	5	79	False	14.460697174072266
5	A2	6	79	False	4.544677019119263
6	A2	7	79	False	25.33329725265503
7	A2	8	79	False	25.063599109649655
8	A2	9	79	False	26.7534339427948
9	A2	10	79	False	33.81884860992432
10	A2	11	79	False	3.856487989425659
11	A2	12	79	False	15.185630798339844
12	A2	13	79	False	25.42543315887451
13	A2	14	79	False	6.3236119747161865
14	A2	15	79	False	42.87095808982849
15	A2	16	79	False	15.074182987213137
16	A2	17	79	False	316.3507351875305
17	A2	18	79	False	1.0773561000823977
18	A2	19	79	False	6.29054594039917
19	A2	20	79	False	22.89195203781128
20	A2	21	79	False	2.866040706634521
21	A2	22	79	False	17.79348611831665
22	A2	23	79	False	4.677716016769409
23	A2	24	79	False	1.669187068939209
0	A2	1	80	False	70.42142391204834
1	A2	2	80	False	7.047337770462036
2	A2	3	80	False	42.20903897285461
3	A2	4	80	False	33.53120684623718
4	A2	5	80	False	7.349000930786133
5	A2	6	80	False	10.992151975631714
6	A2	7	80	False	25.81130599975586
7	A2	8	80	False	42.00183296203613
8	A2	9	80	False	29.48085236549377
9	A2	10	80	False	18.772993087768555
10	A2	11	80	False	16.25389289855957
11	A2	12	80	False	7.798304080963135
12	A2	13	80	False	336.3826539516449
13	A2	14	80	False	1.2915399074554443
14	A2	15	80	False	21.9951171875
15	A2	16	80	False	1.11541485786438
16	A2	17	80	False	22.42217183113098
17	A2	18	80	False	24.14512705802917
18	A2	19	80	False	2.023473024368286
19	A2	20	80	False	15.939101934432983
20	A2	21	80	False	1.1422829627990725
21	A2	22	80	False	0.9206752777099608
22	A2	23	80	False	13.085314750671388
23	A2	24	80	False	0.4946110248565674
0	A2	1	81	False	20.2623143196106
1	A2	2	81	False	42.00132298469544
2	A2	3	81	False	40.92351269721985
3	A2	4	81	False	22.848949193954468
4	A2	5	81	False	57.5337028503418
5	A2	6	81	False	57.49828696250916
6	A2	7	81	False	27.184904098510746
7	A2	8	81	False	48.472487926483154
8	A2	9	81	False	313.43803191185
9	A2	10	81	False	43.20546078681946
10	A2	11	81	False	0.049037218093872
11	A2	12	81	False	0.0009794235229492
12	A2	13	81	False	0.0008130073547363
13	A2	14	81	False	0.0048890113830566
14	A2	15	81	False	0.0051281452178955
15	A2	16	81	False	0.0010151863098144
16	A2	17	81	False	0.0007591247558593
17	A2	18	81	False	0.004983901977539
18	A2	19	81	False	0.0006999969482421
19	A2	20	81	False	0.0008461475372314
20	A2	21	81	False	0.0016491413116455
21	A2	22	81	False	0.2589099407196045
22	A2	23	81	False	0.059960126876831
23	A2	24	81	False	0.014916181564331
0	A2	1	82	False	14.420827865600586
1	A2	2	82	False	1.7199819087982178
2	A2	3	82	False	24.248679876327515
3	A2	4	82	False	0.0018320083618164
4	A2	5	82	False	0.0010969638824462
5	A2	6	82	False	0.0008351802825927
6	A2	7	82	False	0.0010168552398681
7	A2	8	82	False	0.0010602474212646
8	A2	9	82	False	0.0098810195922851
9	A2	10	82	False	0.0009369850158691
10	A2	11	82	False	0.0009160041809082
11	A2	12	82	False	0.0008730888366699
12	A2	13	82	False	0.0013403892517089
13	A2	14	82	False	0.0007798671722412
14	A2	15	82	False	0.0007712841033935
15	A2	16	82	False	0.0007450580596923
16	A2	17	82	False	0.0009369850158691
17	A2	18	82	False	0.000687837600708
18	A2	19	82	False	0.0007801055908203
19	A2	20	82	False	0.0007731914520263
20	A2	21	82	False	0.0008351802825927
21	A2	22	82	False	0.000845193862915
22	A2	23	82	False	0.0007522106170654
23	A2	24	82	False	0.0014328956604003
0	A2	1	83	False	4.850452184677124
1	A2	2	83	False	39.21623611450195
2	A2	3	83	False	11.597518920898438
3	A2	4	83	False	7.477938890457153
4	A2	5	83	False	26.768929958343502
5	A2	6	83	False	32.84572696685791
6	A2	7	83	False	32.180016040802
7	A2	8	83	False	64.89048290252686
8	A2	9	83	False	28.01117300987244
9	A2	10	83	False	8.537585020065308
10	A2	11	83	False	25.45681214332581
11	A2	12	83	False	334.6777698993683
12	A2	13	83	False	4.5182929039001465
13	A2	14	83	False	16.94216299057007
14	A2	15	83	False	33.77208924293518
15	A2	16	83	True	46.07827138900757
16	A2	17	83	True	26.66989803314209
17	A2	18	83	False	18.37256407737732
18	A2	19	83	False	1.1095268726348877
19	A2	20	83	False	11.219980001449583
20	A2	21	83	True	7.069263935089111
21	A2	22	83	False	1.862699031829834
22	A2	23	83	True	3.9056901931762695
23	A2	24	83	False	0.7346386909484863
0	A2	1	84	False	28.821021795272827
1	A2	2	84	False	51.95474290847778
2	A2	3	84	False	1.1663401126861572
3	A2	4	84	False	10.03933811187744
4	A2	5	84	False	55.26531505584717
5	A2	6	84	False	0.9938480854034424
6	A2	7	84	False	45.57594585418701
7	A2	8	84	False	53.21422696113586
8	A2	9	84	False	1.851712942123413
9	A2	10	84	False	2.272778987884521
10	A2	11	84	True	63.84711718559265
11	A2	12	84	False	323.000403881073
12	A2	13	84	False	16.578868865966797
13	A2	14	84	False	30.518210887908936
14	A2	15	84	False	21.2697069644928
15	A2	16	84	False	9.81909203529358
16	A2	17	84	False	4.124691009521484
17	A2	18	84	False	10.820960760116575
18	A2	19	84	True	25.71784400939941
19	A2	20	84	False	6.936155080795288
20	A2	21	84	False	6.833106756210327
21	A2	22	84	False	4.359464168548584
22	A2	23	84	False	2.9062042236328125
23	A2	24	84	False	0.882509708404541
0	A2	1	85	False	10.676406145095823
1	A2	2	85	False	6.812911033630371
2	A2	3	85	False	83.50769090652466
3	A2	4	85	False	38.02965784072876
4	A2	5	85	False	1.5081710815429688
5	A2	6	85	False	22.962421894073486
6	A2	7	85	False	5.655822038650513
7	A2	8	85	False	7.9858622550964355
8	A2	9	85	False	26.51058602333069
9	A2	10	85	False	36.96772384643555
10	A2	11	85	True	72.92903900146484
11	A2	12	85	False	312.5550751686096
12	A2	13	85	False	26.4267692565918
13	A2	14	85	False	17.534174919128418
14	A2	15	85	False	10.817291021347046
15	A2	16	85	False	21.037997007369995
16	A2	17	85	False	22.60537815093994
17	A2	18	85	False	11.351760149002075
18	A2	19	85	False	16.562204837799072
19	A2	20	85	False	8.72143006324768
20	A2	21	85	False	11.386898040771484
21	A2	22	85	False	6.795306921005249
22	A2	23	85	True	6.891006946563721
23	A2	24	85	False	1.5912723541259766
0	A2	1	86	False	9.69032907485962
1	A2	2	86	False	48.66807723045349
2	A2	3	86	False	44.14389801025391
3	A2	4	86	False	40.77955484390259
4	A2	5	86	False	49.46717786788941
5	A2	6	86	False	2.382397174835205
6	A2	7	86	False	0.6976621150970459
7	A2	8	86	False	22.00447010993957
8	A2	9	86	False	4.446978092193604
9	A2	10	86	True	72.43566489219666
10	A2	11	86	False	24.84794330596924
11	A2	12	86	False	336.5156500339508
12	A2	13	86	False	19.02115273475647
13	A2	14	86	True	43.13667106628418
14	A2	15	86	True	26.08674383163452
15	A2	16	86	False	11.677772998809814
16	A2	17	86	False	1.89090633392334
17	A2	18	86	False	17.071295022964478
18	A2	19	86	False	2.0425539016723637
19	A2	20	86	False	1.1102356910705566
20	A2	21	86	False	1.0709710121154783
21	A2	22	86	False	5.072889089584351
22	A2	23	86	True	6.789467096328735
23	A2	24	86	False	0.3782999515533447
0	A2	1	87	False	32.15600776672363
1	A2	2	87	False	8.048131942749023
2	A2	3	87	True	57.16304087638855
3	A2	4	87	False	42.22480583190918
4	A2	5	87	False	17.13974618911743
5	A2	6	87	False	15.14877700805664
6	A2	7	87	False	47.32657790184021
7	A2	8	87	False	31.599398851394653
8	A2	9	87	False	16.372045278549194
9	A2	10	87	False	40.58093786239624
10	A2	11	87	False	4.019116640090942
11	A2	12	87	False	302.06011509895325
12	A2	13	87	False	8.397470951080322
13	A2	14	87	True	53.29752802848816
14	A2	15	87	False	3.176787853240967
15	A2	16	87	False	8.953654050827026
16	A2	17	87	False	19.209767818450928
17	A2	18	87	False	8.039104700088501
18	A2	19	87	True	30.572375774383545
19	A2	20	87	False	12.07273817062378
20	A2	21	87	False	7.897377014160156
21	A2	22	87	False	3.199441909790039
22	A2	23	87	False	2.600203037261963
23	A2	24	87	False	5.750812768936157
0	A2	1	88	False	19.724348068237305
1	A2	2	88	False	31.027718782424927
2	A2	3	88	True	68.16680192947388
3	A2	4	88	False	40.85223031044006
4	A2	5	88	False	34.995399951934814
5	A2	6	88	False	35.1769540309906
6	A2	7	88	False	16.77599263191223
7	A2	8	88	False	21.45796084403992
8	A2	9	88	False	29.634445190429688
9	A2	10	88	False	318.04553294181824
10	A2	11	88	False	21.39451694488525
11	A2	12	88	False	39.95371317863464
12	A2	13	88	True	37.93642497062683
13	A2	14	88	False	12.903471946716309
14	A2	15	88	False	14.650025844573976
15	A2	16	88	False	4.822755098342896
16	A2	17	88	False	16.418018102645874
17	A2	18	88	False	2.7371630668640137
18	A2	19	88	False	1.4557099342346191
19	A2	20	88	False	0.9895799160003662
20	A2	21	88	False	4.301519155502319
21	A2	22	88	False	3.199370861053467
22	A2	23	88	False	3.689208984375
23	A2	24	88	False	3.154296875
0	A2	1	89	False	1.0448310375213623
1	A2	2	89	False	0.0008420944213867
2	A2	3	89	False	0.0113320350646972
3	A2	4	89	False	0.0176320075988769
4	A2	5	89	False	0.0016300678253173
5	A2	6	89	False	0.0215761661529541
6	A2	7	89	False	0.0028388500213623
7	A2	8	89	False	0.0108940601348876
8	A2	9	89	False	0.337332010269165
9	A2	10	89	False	0.1897590160369873
10	A2	11	89	False	0.0199568271636962
11	A2	12	89	False	0.0293707847595214
12	A2	13	89	False	0.0205729007720947
13	A2	14	89	False	0.020871877670288
14	A2	15	89	False	0.076841115951538
15	A2	16	89	False	0.047778844833374
16	A2	17	89	False	0.0018260478973388
17	A2	18	89	False	0.1761689186096191
18	A2	19	89	False	0.0231389999389648
19	A2	20	89	False	0.0231471061706542
20	A2	21	89	False	0.000756025314331
21	A2	22	89	False	0.0081520080566406
22	A2	23	89	False	0.0118219852447509
23	A2	24	89	False	0.002993106842041
0	A2	1	90	False	57.09111285209656
1	A2	2	90	False	8.808218240737915
2	A2	3	90	False	29.60143208503723
3	A2	4	90	False	32.6047739982605
4	A2	5	90	False	61.96812081336975
5	A2	6	90	False	80.43352913856506
6	A2	7	90	False	41.48335409164429
7	A2	8	90	False	337.4480493068695
8	A2	9	90	True	44.80000615119934
9	A2	10	90	False	39.81967997550965
10	A2	11	90	False	10.285682916641235
11	A2	12	90	False	7.020902156829834
12	A2	13	90	False	14.841368198394775
13	A2	14	90	False	1.4438378810882568
14	A2	15	90	False	1.2144358158111572
15	A2	16	90	False	2.3750159740448
16	A2	17	90	False	5.008627891540527
17	A2	18	90	False	2.811859130859375
18	A2	19	90	False	3.065790891647339
19	A2	20	90	False	1.6548638343811035
20	A2	21	90	False	2.113029956817627
21	A2	22	90	False	2.803987979888916
22	A2	23	90	False	1.4430949687957764
23	A2	24	90	False	0.3544099330902099
0	A2	1	91	False	40.00398111343384
1	A2	2	91	False	12.061487913131714
2	A2	3	91	False	9.229435920715332
3	A2	4	91	False	12.826294898986816
4	A2	5	91	False	39.944415807724
5	A2	6	91	False	17.718398094177246
6	A2	7	91	False	7.923038005828857
7	A2	8	91	False	7.146372079849243
8	A2	9	91	False	62.994470834732056
9	A2	10	91	False	5.0588319301605225
10	A2	11	91	False	9.448256969451904
11	A2	12	91	False	4.546344041824341
12	A2	13	91	False	31.85596704483032
13	A2	14	91	False	20.031208992004395
14	A2	15	91	False	13.178011894226074
15	A2	16	91	False	329.43161702156067
16	A2	17	91	False	10.693443775177002
17	A2	18	91	False	43.81034302711487
18	A2	19	91	False	14.63684892654419
19	A2	20	91	False	15.426492929458618
20	A2	21	91	False	14.49703884124756
21	A2	22	91	False	3.5444469451904297
22	A2	23	91	False	9.264544010162354
23	A2	24	91	False	5.427706956863403
0	A2	1	92	False	52.38906073570252
1	A2	2	92	False	11.27479600906372
2	A2	3	92	False	48.20309591293335
3	A2	4	92	False	24.97768211364746
4	A2	5	92	False	10.876723051071169
5	A2	6	92	False	14.732839107513428
6	A2	7	92	False	27.023555994033813
7	A2	8	92	False	38.883931159973145
8	A2	9	92	False	18.541593074798584
9	A2	10	92	False	20.2935688495636
10	A2	11	92	True	375.3987259864807
11	A2	12	92	False	2.556766986846924
12	A2	13	92	False	25.80592513084412
13	A2	14	92	False	32.78711581230164
14	A2	15	92	False	3.3321499824523926
15	A2	16	92	True	40.31333899497986
16	A2	17	92	False	14.219986200332642
17	A2	18	92	False	10.742751121520996
18	A2	19	92	False	1.0103838443756104
19	A2	20	92	False	7.047508955001831
20	A2	21	92	False	1.9184770584106443
21	A2	22	92	False	6.950500011444092
22	A2	23	92	False	1.9186670780181885
23	A2	24	92	False	0.0552599430084228
0	A2	1	93	False	7.931513071060181
1	A2	2	93	False	18.96798801422119
2	A2	3	93	False	11.803072929382324
3	A2	4	93	False	2.726472854614258
4	A2	5	93	False	2.7531497478485107
5	A2	6	93	False	18.577107191085812
6	A2	7	93	False	6.929227113723755
7	A2	8	93	False	5.41307520866394
8	A2	9	93	False	7.477930068969727
9	A2	10	93	False	16.10544180870056
10	A2	11	93	False	44.89605784416199
11	A2	12	93	False	24.24698781967163
12	A2	13	93	False	58.27228808403015
13	A2	14	93	False	17.70833396911621
14	A2	15	93	False	13.43778681755066
15	A2	16	93	False	18.040913820266724
16	A2	17	93	False	14.88092279434204
17	A2	18	93	False	20.735347986221317
18	A2	19	93	False	326.49001121521
19	A2	20	93	False	6.6758410930633545
20	A2	21	93	False	22.173180103302
21	A2	22	93	False	23.26090407371521
22	A2	23	93	False	15.463597059249878
23	A2	24	93	False	2.7157461643218994
0	A2	1	94	False	9.69182300567627
1	A2	2	94	False	70.09810209274292
2	A2	3	94	False	9.43959093093872
3	A2	4	94	False	3.8382840156555176
4	A2	5	94	False	30.24771094322205
5	A2	6	94	False	9.066628217697144
6	A2	7	94	False	5.497048139572144
7	A2	8	94	False	62.28557777404785
8	A2	9	94	False	11.609294176101685
9	A2	10	94	False	8.40572214126587
10	A2	11	94	False	75.80390000343323
11	A2	12	94	False	14.67796516418457
12	A2	13	94	False	311.8465540409088
13	A2	14	94	False	8.755759239196777
14	A2	15	94	False	18.235029935836792
15	A2	16	94	False	29.218040943145752
16	A2	17	94	False	7.812608003616333
17	A2	18	94	False	6.705593824386597
18	A2	19	94	False	13.421366930007936
19	A2	20	94	False	6.765589952468872
20	A2	21	94	False	8.12480878829956
21	A2	22	94	False	7.647064208984375
22	A2	23	94	False	4.087266206741333
23	A2	24	94	False	21.37917709350586
0	A2	1	95	False	14.251008987426758
1	A2	2	95	False	12.119543075561523
2	A2	3	95	False	58.331204891204834
3	A2	4	95	False	12.876710891723633
4	A2	5	95	False	77.90519690513611
5	A2	6	95	False	84.6811170578003
6	A2	7	95	True	376.9250349998474
7	A2	8	95	False	44.58796715736389
8	A2	9	95	False	9.528738260269163
9	A2	10	95	False	19.16722822189331
10	A2	11	95	False	4.579458951950073
11	A2	12	95	False	8.982279062271118
12	A2	13	95	False	22.425489902496334
13	A2	14	95	False	19.625717163085938
14	A2	15	95	False	1.7549099922180176
15	A2	16	95	False	2.385133981704712
16	A2	17	95	False	7.791048049926758
17	A2	18	95	False	0.4074361324310303
18	A2	19	95	False	4.137766122817993
19	A2	20	95	True	4.619170665740967
20	A2	21	95	False	1.3767218589782717
21	A2	22	95	False	0.3651430606842041
22	A2	23	95	False	0.5797996520996094
23	A2	24	95	False	0.0602922439575195
0	A2	1	96	False	1.597688913345337
1	A2	2	96	False	1.5493741035461426
2	A2	3	96	False	49.16046380996704
3	A2	4	96	False	6.752907991409302
4	A2	5	96	False	11.109225034713743
5	A2	6	96	False	11.232949018478394
6	A2	7	96	False	4.388780117034912
7	A2	8	96	False	8.22617793083191
8	A2	9	96	False	14.48207688331604
9	A2	10	96	False	44.84708094596863
10	A2	11	96	False	21.361742734909058
11	A2	12	96	False	2.5509979724884038
12	A2	13	96	False	14.69642186164856
13	A2	14	96	False	0.9367730617523192
14	A2	15	96	False	48.49224591255188
15	A2	16	96	False	51.05505108833313
16	A2	17	96	False	11.379857778549194
17	A2	18	96	False	1.1640949249267578
18	A2	19	96	False	341.49273777008057
19	A2	20	96	False	14.920039176940918
20	A2	21	96	False	1.2500381469726562
21	A2	22	96	False	1.4553828239440918
22	A2	23	96	False	56.47855424880981
23	A2	24	96	False	18.94637012481689
0	A2	1	97	False	13.599745035171509
1	A2	2	97	False	30.533339977264404
2	A2	3	97	False	8.301921844482422
3	A2	4	97	False	41.25774884223938
4	A2	5	97	False	37.50693607330322
5	A2	6	97	False	49.65377974510193
6	A2	7	97	False	51.27109885215759
7	A2	8	97	False	59.05250310897827
8	A2	9	97	False	336.3264248371124
9	A2	10	97	False	45.46941494941712
10	A2	11	97	False	2.64139175415039
11	A2	12	97	False	3.4100801944732666
12	A2	13	97	False	3.1227409839630127
13	A2	14	97	False	25.192912817001343
14	A2	15	97	True	36.38645195960999
15	A2	16	97	False	6.164761781692505
16	A2	17	97	False	17.221418857574463
17	A2	18	97	False	4.9647181034088135
18	A2	19	97	True	9.296898126602173
19	A2	20	97	False	0.4130427837371826
20	A2	21	97	False	1.8691940307617188
21	A2	22	97	False	2.023193120956421
22	A2	23	97	False	2.642076253890991
23	A2	24	97	False	1.1731829643249512
0	A2	1	98	False	6.472349882125855
1	A2	2	98	False	5.854421138763428
2	A2	3	98	False	57.795896768569946
3	A2	4	98	False	49.816195249557495
4	A2	5	98	False	19.69869112968445
5	A2	6	98	False	73.24932408332825
6	A2	7	98	False	70.63592386245728
7	A2	8	98	True	387.9364178180695
8	A2	9	98	False	4.07855224609375
9	A2	10	98	False	5.826190710067749
10	A2	11	98	False	7.120350122451782
11	A2	12	98	False	3.51504898071289
12	A2	13	98	False	9.164410829544067
13	A2	14	98	False	7.978626012802124
14	A2	15	98	False	4.951394081115723
15	A2	16	98	False	10.99103593826294
16	A2	17	98	False	4.253400802612305
17	A2	18	98	False	3.548367977142334
18	A2	19	98	False	22.12209725379944
19	A2	20	98	False	3.7974112033844
20	A2	21	98	False	0.7689478397369385
21	A2	22	98	False	4.203727006912232
22	A2	23	98	False	11.859956979751589
23	A2	24	98	False	0.3162417411804199
0	A2	1	99	False	18.582484006881717
1	A2	2	99	False	28.049372911453247
2	A2	3	99	False	60.73020005226135
3	A2	4	99	False	23.444491147994995
4	A2	5	99	False	22.31994199752808
5	A2	6	99	False	11.374451875686646
6	A2	7	99	False	2.261057615280152
7	A2	8	99	True	110.94586396217346
8	A2	9	99	False	2.690194129943848
9	A2	10	99	False	11.757967233657835
10	A2	11	99	False	14.556264877319336
11	A2	12	99	False	327.9148797988892
12	A2	13	99	False	54.73885703086853
13	A2	14	99	False	4.724900007247925
14	A2	15	99	False	12.667232036590576
15	A2	16	99	False	9.19115710258484
16	A2	17	99	False	21.891906023025516
17	A2	18	99	False	19.49474596977234
18	A2	19	99	False	17.90472102165222
19	A2	20	99	False	0.0991530418395996
20	A2	21	99	False	2.245482921600342
21	A2	22	99	False	0.2858080863952636
22	A2	23	99	False	3.990040063858032
23	A2	24	99	False	0.4006650447845459
